INSERT INTO public.users (user_id, account_id, nickname, firstname, surname, tel, avatar, creation_datetime, description, is_verified, is_private, followers_count, followings_count, posts_count) VALUES ('a863683a-c821-4085-b7d9-ff3a0ba0feb0', 'auth0|66d4ce7491ea86df0e0abee2', 'adam123', 'Adam', 'Nowak', NULL, '\xffd8ffe000104a46494600010100000100010000ffdb00840009060713131215121313161615171815171518181518191815151715171815171515181d2820181d251b171521312125292b2e2e2e171f3338332d37282d2e2b010a0a0a0e0d0e1a10101b2d251f252d2d2d2d2d2d2d2d2d2d2d2d2d2d2d2d2d2d2d2d2d2d2d2d2d2d2d2d2d2d2d2d2d2d2d2d2d2d2d2d2d2d2d2d2d2d2d2d2d2dffc000110800b7011403012200021101031101ffc4001b00000203010101000000000000000000000304010205000607ffc4003f10000103020306030604050401050100000100021103210412310541516171811391a1062232b1c1f0144252d1628292a2e115233372f1436393b2c216ffc400190100030101010000000000000000000000010203000405ffc4002a110002020201040201030501000000000000010211031221041331415161524271911422a1b1f032ffda000c03010002110311003f00f92d1af7902f1c8c4681969169e6a8ea995cd92240dd6806f7235fbe08629383ac3cef1b8cc8eaa8fa4e6ba1dcba6923d10b36a7a5c36243db26c778e1d4ee457059fb05be234e822db89b6f83f39ecb5194ad20e617bcccdf92eec73da3c9e765c7ac9d02caa722210ac0261502f0947869814d5c31008a9a2abf875a0c60e098a7869d101d2b328619199845b0cd944ef1e698a1b30cc1091c914506656176766312b41bb2720b8eeb4a8ecd736f979a3d4ac32e8a6e4df82aa292e4f3b5dbb9a14e1d8d1775cfa7926314fe23a24984cd93a5c1372a63f57101a086992786e09065224d9baf9ad2c2608ef31cf7ad7c2e1dad1ee893c523743a4e46350d9fc667842d5a583b6856860f06e9cc5d1ca16c318d8509cd9d10823cd3b0a47752ca016d62681dcdf3294ab4204b8c720504ec2d50a963342403cd0ea54cba8b71fd9455c3b209173f7bd6462312e369ec9e30d8494f5356954de2dd5298bacdd0803a1594ea8f88923b954a6d24f15558a893cd7c0f788d1a049577976fb260523082ea33bd3a4847210ae5ba0b94bb6912745a46846973c00476606a9131947175be69ac4a6cccab80801d9841f9ef085e080bd0617054eec7d50736996f07aa8182a4d3018e711c4c0f2086e36879fca4d805718371dc4f65e8439e2cc631bd1b7f54b576bcfc4ff5fa04370e863fe05dfa5726dd4c7152b5b351e4abd3a79438572f032fbb92e00bc127bc6a8b46b537cb4eb9a00f7580340304b802379d237ace634d8071f7834bade5bef164c60b06e3572160711f9492d16b4cd8eef3b2e6bb3aaabcb35f018575475880d8137241bc019cdcf0e0bd1d2d9c200160200e8b27666269e7cbe196b9a21a2f1038181235d674dcb49d8872e9c71e3838f24d5f234ed97cacb86c8de05b85a7b2ad0c791a95a54368d322e2eb3dd1968cc8a9828dc42afe18af474aab08b4774d53c3076a07a043b8d790f693f07931863c13f84d9f50f0038930bd3b767b3979a154c10e3db543bb63ac342987c0d36fc4f93c85bfca6a9ba983bbba5aaecd71b83e661235f0ef6ef1d8a5a52f617271f46e3b1ac1cf94251f56954912184f25925afde0aa0a67810996342bcafe0263b64b9bef039c714b61709064a7a818de7cd1e953cc6e6135b4b91693768360a9378127a596d51c35ae23968a982a0d03594d3dc00e2b9a6ed9d50548b53a638052e0469f2546e21d10a3c37bb7153a2898be2713094aa18e33249f4f25aadd8ce79bd8773fe1199b08379fa26b8a05499815e986d8b7a69fba431580a8e32187c97b13b2d835c83d556a1a6db17f66b7f74633af00942fc9e19fb19fd3d51e8ec2817700bd4547d3fcad3dcfd020b9e4e800e807cd53bb264fb51465ff00a5530d9361c5d61d86a52759d87668d2f3cfdd1e5aad8a9812e1ef392ced9c06e59497b6671f8463bf1f50d98d6d31fc2dbf994aba8c997b8b8f333f35b6ed92e3cbaeab99b1da2ee7127804dbc509a49990d6c68001d1335c1753151b262ce8e3b8ad26e09bf9584fdf14c51a41a087650d3a89bf2291cca2833cabd8f3cb920bb0aedebd1e2a9b5b62ef21bb719493a9b4dfe6532988e063fe10715cb55af02d23c87ecb91dd83447c8e8bce998812257a17629ad7d3aa1ed3ee8a6fb89223334bb2e849113ba34debcca9739413a3a2514cf65807d404937b1bc3486b6dc05a4f9da354eb716d2fc862fa11706d27b6abc437685516cc786bbbbad8c0ed9617e6a9441de3c32e6910d00686c207aaac733473cfa7db93d5780acda2b5a8609ae682d982045e6d1cd13fd3c73f2fa855efc483e9e465b41dd647655704eb7027711f2f45df843c11ee458bdb92230d8a23790b4a8ed368d731ec3f748370cae28256a2ca4652468f8949dab9dd0ab78407c31e4906d128ac691a24afb1f6f946952a13ab87452ec08290634f14dd177ea71ec3f748ed0e9a7e830d9d4cfe50b8ecb6cc367e68ecc4306809ea89f8c70100347449b48a6b100dd97527701ccc7a26a9e129b7e32e77fd418f32a8cc53c992eb26d9b41a6c67aee4b2948a4544e655a434613dff0064d61eacfc2c039a49eda64cb2a44ee2d3f4098c3e1aa6e7023ef9246ca2434e7902494ad67b943e8ba7de201e698a7841a907a9b0f3296d0d464d4cc55460dc7f295b62ab1bbd83b827d2555d8e67ea3d9a9b762e88cf66cb3a980aff008568de4f41f5457e2da4d985dd50dd56a1d21a39093e8b6ccd4bd106840b3239b8a4deebea0741fb235404eb27b8080197be503ac9f445315827b46f93d6c97a844fbadfbee9c735bfafc87d4a0d66d2fe23dd14c0d0955ac7f501fcc3e490aa1a6f9a4f207e70b55c298f8698279cfd54f8ae8b31a3b23bd034b31e8d27540581a438025860c1e2dfd92efd9d548bd8725bedf10fe68eead5d81d727af09e295e6682b0a9793cd37679deef9295acef085b305c877d87b08f84e404133a6eef0a0337a14ee362ae0054a05840d4ce0aa647074030660e87aa464a353a895a61b47d63d9dda34eb529602c0db169d1bc2e2dbd6c0615f1fc0638d3b112d304b77123e1263585f43f66b1152d9dd25c333800e397f48971868df1c4a5964a13b57e0f40d69440ce5e8a28b8112881277907b4c8c9dba2914f9f9807e402bb4ab82b77507b7228da5d3d42bf823eff00f0ac1582ddefb376be818a6ae29ab8446548fb2b3ce68e104da6897e28a2a7deaafe20dc3cd23cefe0aae9d7c81d755395582b808bcc82b0321949bbdd1d04fec8cd81a349e6e77d042a06ab06a8cba88af65e1d3b1d6639e07c63a06cc772151f5d8ef89998f1b8ff00f4821aa0b54bfaa8595fe9d925b4ce8d70ee0a90c0347798ff002824282155674fd92785af430ca0f370ff002b7a008a03e20816dfbd24d711a227e21e37a2f2581428eace1a65721e4a7b819ec89e23ddac7a2abd806a87792f2cdda6df0859f4413c3a19437d0039f9ab57c4b47ba26502a624cde23a20f3fd8560fa0b51f1ba3d124e25d24c0037994ce76dede63e496ab7e5ca54de5e4a2c5c50b56acd161e703ea9475571d74dd7fa26aa5268df1f7cd2551cc1bcbbba0f2d8cb0a404e1e6e5df3fdd4a03f18d9509b6903489f217b4ce87b8524127ec59394e4c869bc69bcf21c54824f6dc479af50f305836471504109cb70127791171b811d9168365b2e024cc131074904eef4403e44db560df4dff00e17bfc07b4541b861498e68786d8381691ff006713ef1e877af161b4c8beba11a8e323f656fc0026c267e133a9e13b8a9cf1a9ae4a466e2cfa7ec4af532667bda418b02d21a7f48216a0acbe4187cd4c80ca8e10f6be264676cc18f45e8b0bed63e467693acc38007dd03e1cb6d09d752571e4e9a7e62ceac7961e25c1efc5755af8f6b1b99c6008bf5200f52bc67ffd7b734961c903482ecd264ccc444216dadbf46bd075305c092dd58081066fa8dc14561cbb24d705b6c54da68f7e310159b880bc2ec8f681803fc5ab9a5e4d3018406b37345b72d7c0ed9655cde192ecbae96f329278f345d24347b2d5d9e98570aedac179a7ed8a6d305d0785a7e6ae36cd389cc638dbf75370ea3e18ebb1f923d28a8ae2aaf3b4b69077c21c7a349443b4a356d4ff00e3729b8f53f8b28974ff00923d00a8ae2a2f3ecda9c9ff00d2548dacdfe2fe92b9e6babfc1958ae9ff00347a115422b1d2b029ed6673f24f51db34f88f25e7e68758fcc58cdc3f4b4cf4587c139c24169e3cbaa156611f94f6737e410709ed331ad20117fbb24311b699f5d34ee97fbf54b1c65b7bfa3954326cf6f01cd55535d65d5da8c3bcdff852c769b78bbfa55b1c3ac5fa5ff075a78bdc91b7e30e2abe3b788f3588fda03f8bfa508e303ae331fe55db8e1d53f3162b7d3fe48de35c2838bb45a179bff516dee6dc954e31a6f0e3d895d4b0e67e51173c0bf5237abe2e99b5bc92efc53370f9ac47e39bcfc902ae399c4aa2e9327d8afa8c2bda369f8c1c40f9a56aed21ba4aca76299cc8e204a054c6b06a4f92ac7a47eec9beaa1e9a1dc463c9dde65215b12e286718c360652d571ade7e4ba2382bd1cf2cd17fa8b3aa952957639bc1de4b95bb6fe096f0f93c7b1822622e208d0723c119ce25f9b349b4cdbb83174ae47c1cb7035ca4f996fd556917b9d01a49dc0024f601741c9fb0dbdb2205ef13711ccaea8d34880f32388d6791f2f30a5d56a34e57032374c98234e4ab4d843a64f76b9d9ada100764066922b896cc39ae91cc41f2faa9a4e7ce52440b90645f88e699a744932d03293f0ded11c74576e188249b6b041cdd016ba5635006d76068026778816e107ce472541519fabe9709aa95b2c39ce91a406083df71e6acca81def0639a009be91c4f01cca01a5f251ad691ee982277dafcb5f22a5fe186892493b81b73b1d155f586827b4a4ab033bcf5ddc96a0d9a1e2530d2eb98d075882447c92746bba7f534fc4207bc398097635d7b14c615e41b5be9fba063d4ecea146a558ce038831398177f3030444db52b5f0fb1ded6bc31d50df330b2bd888b4b5c0c13c34b2f0ccc38248cd04f94f08dcab471b51ad39496f39822fb8a1e0671be4de63f152055a5508cc61c5a1d01c2008d0f64fe270f540ff8b3b438669653263796b5be931d74585b3bdaaad4c82e7bde37cd4769d0982bd562dd897b03e9baabc9048ca2ab4106edf843f71fd4b366d40e1b0648ce04189834b29127702f00f9a6a99c48d29b40d2cf39bd3491cd218ada35e83699a86a1cd9b378949c48023e18709d4c17477d04e1f6cb6ad40c6d4a4647ba2a07b1d98fe5b9813a0cb3d92bba1a290db31958ee745c7b95293a1c26466dc795d34ddac5800752c466dd66bc471f70413aaab366d490e751a4e8321de29806c6d9801afd11714caad69230c47fd4d23a5e7e2bae7c8aceac6d21ba5b66934124d700ea0d2b70fd3637e3b90aafb49856803ded46a6fce0c2c3c0edac46b55ada8cde723a5b123e2a5309ca7b45a6737b9027fdca750c8b699b5bf29508e3d5bb5ff7f05a59365c0ebf6a611d25b520ff0011d77ea04f925e96d0a64ffcd4437789a9263493a7a2c9ad5e8b9b1525c413114290247468988e23722616860ea694df2006eb94199f7bf2c15d4b8f272c95f8ff0066de1b1d8698755a5fc3ef54b01ba4881a2bbb15867191569189d1c34de48ca5623f0b8168233366f6264f4cce6102fd52630348bce5a6da8db19ff6c40201b0907cd552fb22ff0063d461eb619e72b2a539d3dd699ed6bf6477e1c41b8ed48dbfb42c0c2ec7c3384e4020892ea99401c9d0e1c6d298adb1e990436b911a439c5a274f8604f9e88a26d7d06ab84116aafb680b1b07b3ae93acd21d67bddc5a720ddafba088eaa8cd8073c7e26ae6d65afa801e8e7070ed2b570db36b36c71154ff00335c7b9f0d3ed44f4b31b126a44e6646e199931d0b77209a3537b8b9a7802e33bcfb910bd39791abdbcbc40d047915192a8167d2e56fa843b943768f2d8ac369eed48e8e007191726dc5226a0986643cfdf9ff00eb0bd2d663ddf929bb71734b23a1077a5aad0804ba891c3df02dc83099454d0bdb679d7bdc0c401fca572d0fc031d7c9fdcff590b936c85d59e52a39ae39a992d3bf8768d1314dd682679c913d60dfbcacff001403733ca25168d706d2075b0f3d0215c0fb7363c2988b5bef8223295aeecdd92f94830401d0faf3ea88debebfb220b0ed0374297367f37a042754d2d3e5f52855694c82e20764036362982266dc677aa53a01a490e224106fa83a8d15b676cd7ba45397c8b805a4c4823dd17f245a987734e5735cd3c1cd20f9158c6663eb6510d26faf0fb95a1b1cd3aecf01d6aa2f49dfacc5e993cf74efeaa0e141d5be85453d9ac06620f5720da1d46448c3340b0783be0c41d08208306db92f8aa551d102237c093d6355a628b4924b8924924ef24dc927aab8a6ddc4f9a57343ac4cc3a783a8485b387d8d59fa345f896a30ff00b7aa668f193d8a4dca76f83a87b2b50fe469f2f9af4985d8b59ad04b5961a120c002dab5df67924b0b88a4d69739ef000261ae1781b813a951b2fdafa4fa8d6175561261a1ed064da2ed93360117c89e1d1a18ed978834dc05514c18249c90c1be3fdb6fd35d521436563a9b21b529d52342e96922dee9735c2473bf0d34d9c6edb653a6e70767f0c39c435e2600ded741f45e299edde20bbde0dcb32436c6386633f2f249c8eb834767ec9736b66ad86ae1b064b6abaa0d24870cc4b9bf7097a9ed6d31fedbb040324cb4bcb4c1b7c3963768bd8ec3db34f10dccc789fccd312dedc39ab6368beeef05ae804801e24c0d00205ca8b926ea45945a5c19fece6070e5bf88a345cd2662d044d8892237e970558fb36f2e73aabcd4b7ba1d4a9fba7ad3845d8fed2b5e3c2a94df40ee0ea7624dcffb93d22616955a648104cf270dfc9d3717dcb977c91c8efc16508b89e371becc653969bdc1c6756e6681a417082deab33686c1af4da1c09ab16812df2249b7ecbddfe1eb0d0bbf98b4c790097a942b9f898c769330645a6d94f0f40bd086538e78e8f9fb4d70067a05a2e2e489dc600d7b04b3b6b536d8364efb913c897098b705eef194864cb530af2d3f16592dd352d0ed39c2c1afb2f0350434b1a779ce6475b9e5bd554ac835462d0dba1e5d2c8274bcb62d232c08dc996ed5b801acd7766b9dd698f345c17b3b4438cbc3845a0827ca6e6c98abecc332973099ddfe41d1523aa4249c80bf1cfb9b45ba13d447a15cec4b871d247fca72f7275e8b1b1342bb0c10f244dc131cf4d1029b88f8847507cee9b54c5dda3d453cc5a5ee73a40b8265da481948cdc3f648d3c7b04c56772807d3793a705985a5ce1949bddc740278b8e9255b175e802335cffed83fdcf71127b79a5d6bc8db27e11a03698fd4e3c4e778308e2bbc186d43a123312eb448b9e456153c4e18b81f7db7924807c8491e70b5ea625951b0c304968066e434010e3985b524724926eca4526992768d61f98773fe172429e19ee198100198cd51c0ebac415c9bfb44d67f0628c30fb2aedc2b79f9a804f0576bb9261023191172638eef4479e482d456c201a610108388c39708051da5a8ad7042c75033a8e0aa820b75dd0616f9db35df4bc3ac0b9cdff8df7ccdb8904c5c11bba24f3057f19b1f110785e3d12b6c6514bd86a75aa1fd5da55dd8b2359ee3f7596fab275ef746a4d9fcc4a5d10cb2b5e0062b6b54920081c62ffb20d0da8f6ba4ba78870041ec7e89cac634127ef824dd8da9bbddff00a88f5469215c99af8aaeda94daea5ee3cfc4d8902df131dac13b8dc712a985a95c58e4737f8ac7fa8007d51f0f8f6d4a4e35185b54465735a036a49f783c680c5e4210a838fa29dfaa2c97b6c306ba6406eb697eee6b4f0bb40d387786c31bf35fd0ac70e1c90aa54416cf819ea959ec4fb49e2b5d4df4416b816919f718d67bac6a9ecfd0370ca8393483f52565d2cdb8c2d1c2632a33e16309e2493f58e08ca4a3e011c6e45a861b0141cd351f581dcd24ff007060903bdd7aac0ed1c181eed52d06409aceca6c646673a34dd2be61b66b3ea55754235234d200004794f74b61f16ea66dbf50448238381b1493c3bf2d8639b5e28fb5d303e2654a65a7e1bb5d1d1d9ac6fcd19f8a68b12d8361246e5f2df675e2a54cb4eb78320e6a6e0e7b5fc432f3a4f31163c30b178b739f2e26d2049f8403a75faa92e99ddb7fe0779e35c23ee42a81a347680ade20e057c8701ed55464662e3d0833d43e40ed0b6301edd38bc07b435bff006277ea74fdba2af65a26f2a67d18b41dc93c5e169989a79bb34c5b5bfd12b85f68a93fe1a8cfea163c0899053cfc5388b41f28f342a8cdda10ff004da778cd27f889f4748f44176ce1b883cdec0491c2411bf7a76a5675c11d6dbba2cfafb45add6dda3771d2624f64e9b26d213ab823073324cfe4a8eedf1c794acdab82a4d702e354177e5730bda2da173411ebdf45a0fda60986b87d3e6a871663e207a1fbf38544da26e299e476ed305a1b45ccc972430882ee2e8df11bd79fc4b1d3a6eddf35ed76a8d48a40c4e804cda645b7702b0f134c105c41681a970200e1a8971e92aca9a24f83cf22d3ac5b70638a65f5a8ce8e3fca04ff0077cd1a89a2ee00f02dca7ce483e8b1ac546349d495cb4a961c1166ba27f438fc97220116a90555d0ac1258f45ba18e815c198e3e5dae8195c74207647a5689bf6418505a7524dc473b2239c38a09a8a5a161ac2f887729d774a8696715773c458faa166af92aea51b9406a883c4a2b1e37c9f246c0959592a7346a077fa2e6550d25dc6d1f9639ccef8ba2bb68b44fba0a4937e9148a8fb62d576835bab4f4063e72834b6bb819c8c23838123e692c654974c420b0a7a26e6cf5382c750aa08a8df09ff95ccf8277666926074e3ba1031145f4c804483310eb1dd20dc1bea35dd6582ca90569ecd2f7192e21bd63745a41f929ebadb2aa5b52ae471af773fbe854baaba353f7dd15ac035713e5fb20d7ab7808469b292b8af25402aede88398f1520aa9ce6cec9da2ea72435bc05a2378d39c7924b11498f71739a277c6927546a34c01044753bfa425f10c83eb6fbe4a1069cdb3a32c5ac68b0d99488bb4cf10ba97b3f4a65ee731b204ebac08b0317202b51ddaf1b1e056861f13702dade674e5e96566731e8b03b328b1a0343a401ef0264c0817d0ff94d3ada175b49bf331e67558af7e6101ee6736c719220c8ddc136ec4709f3bfa9483d8e3710e6cfbc38df36bca3a2531359cf26433481be0917246ba7ccab0c5ceff353f889fd3f5f92d485d84852874ba982394cf7bdf76edcbc96dfdb188cc583fdb68b00c316e71057b67d7035cbf2f52b3f68e0a954f8982788b1f308c693e4d2b68f054b6a551ffa8e3d493f34e3314dac030d397710401a73d16a56f66e9df2b8f713bf924f1384a9423c3635e0eb633dc4fd156d12a667d5d8f7b38473237f9ca5dd80ca7de247385b786c535c3dea643b81cc01ef707a428a4f06416401d083ea3e4b59a8cd661b8551e63eab93bfe9ed75f29ed2b96b36a658e2ac08420428ce101ac603d44a1b2eae6994027661c514571086692b3284a3c193654d41a280e45fc3ab369b46f42cca2cea65d1f494504ef519e3404a1bb150620fdf1406e1047a03c292f2a33a6a11bb00fa53aaa8c3f346355a359ecaefa60b4398e9e23423a715808ad1c3dd38d2776541a2081707d112e6d94247c968f08b3f11162e13b871f21f34315173da41b88ed68dd03cd5731452424a4db081dcd1e85324e878a55a4704c50a5d638498f2ee7ccad2f01c7cb341af77042c549827a2a876e13f7d54d771cbd3928c3867564771675275d354eaacf6b91e9957390d4a15c714db6bdb5590042236a7029682697e23a1ec0aa9c53780f203e4167bab9ea86713d93242366af8c08d01ee7f756a75b744742b2462071571885a8098f97c59d27b08ed6f9aa9ae38ff006ff959e7107ff086ec41e2b6a6b1d7869e1d3ec28149bc123e2f55de28e2b6a1521c202e4a78cb90d46dcf260cab80a332a809c98774b4c2b8ae96532b5076632312571c49e2965216a46d98c8ae54f8bc900156ccb51ad86f10aaca1ca9958d6102a199b1b2837532b009cbbff746a6237c2134ab87a0c68fc869e6173aa4216750f725a1dcb839b6f9ab6642057664e48629ea9a6b9274ca2b5ea72e4be3e10e81cd11d041008238c1127b8948b5c8ad7fd85368ba60f322d37a56abaea69beeade8e3f0e8d6f1150d44af88a8ea896256634eac84ea8972f5475455441872f51e2734bf88a33a61064572a7c6e4950e5c1eb06c6c551c48526788293cca5a5030cdd72078a78a8583665429850b92849852a572c63972e5c804e95ca572203a55a542e58c4ca90b972c12eba54ae4a3120aab9cb972c8cfc159566ae5c8b1579080ab872e5c90aa2c1cb9b514ae406b075ddbd558fb850b93c7c1297fe860d555ceb9720867c90e552542e4e893209505cb9726148cea732e5cb00eceb8545cb960939942e5cb18ffd9', '2024-09-01 20:28:41.696625+00', NULL, false, false, 1, 0, 2);
INSERT INTO public.users (user_id, account_id, nickname, firstname, surname, tel, avatar, creation_datetime, description, is_verified, is_private, followers_count, followings_count, posts_count) VALUES ('a5a7e3c0-15ec-435f-9619-4db49cf3b87d', 'auth0|66d4cd7017161272fa7769de', 'kamil', 'Kamil', 'Kowalski', NULL, '\xffd8ffe000104a46494600010100000100010000ffdb008400090607121312151313131616151617171818171818171a1d191a17181717161a1918181d2820181a251d151721312125292b2e2e2e181f3338332d37282d2e2b010a0a0a0e0d0e1b10101a2d26201f2d2d2d2d2d2b2d2d2d2d2d2d2d2d2d2d2d2d2d2d2d2d2d2d2d2d2d2d2d2d2d2b2d2d2d2d2b2d2d2d2d2d2d2d2d2d2d2d2b2dffc000110800fb00c903012200021101031101ffc4001b00000203010101000000000000000000000405020306010700ffc400451000010302030406080305070305000000010203110021041231054151610622718191a113143242b1c1d1f02352e1628292d2f1071516435372a22433541734b2c2e2ffc400190100030101010000000000000000000000020304010005ffc4002811000300020104020202020300000000000001020311210412314113511422056132427191a1ffda000c03010002110311003f00df849a8ad8075155b8f1ca168850df1e7df4123a44d830e2148e645bcaabee3c5ed61ee3462c2fc292e2365aa7328c0e54f918c6d5ecad27b0d7d8a6a5358d26331d54b330e619b1eccccded5c682b41beb43866c00445abe561d33a52de24ca575553c0a0e04012acbdb155b0c8cc208a7a30823978d023658cc4851d69378a9732538ba9c7938b11ed3c02cc092758df4a70d83712e0004f18ad1e2b1050a850d2ddb42ab69c1b011caa7acf913f05f8ba6c54bcf01f83da2b092928214279d05b4768ac58822688c2e382afa54f1880a4f65c7f4a09eb9efb6968ebfe3217ed0c4833913783bef47e0d448beea2938b111135d74a62d48bea9af28a71f452d70c0717c45aab4a09a3dc502222f402242e337756c751dc8dc9d276b24a4dc5ab40de31402330eaf6dc765274a64de895c65b4c8a9f36455e4662c1da835e71c74fe195004c72a76767fa368c2a5478fca926c1c542a4dc69147e3b6919e551ddbde82a8b749216b58e75b52522c7378f6d37da5b412b4dc4419eea11a402731a962148d489e54d9bde8dac73ddbd722d544181ad08e2b751ebc5a04c52dc4be2bd4c74fb4f3f2c6e994b902abf482aa75d26aaf46aa6f73f425e39f63ce8b63924e4092927dd9b18e15a37306d39214806b3383c1b2afc4415a8a6f1a19e55a36718da40ceaca5426147eef55a7f6791927da146d0e8fa120a9a394f0e1cea1b2b10e36425d56641dfbc1dc79d699a0d2c755495778a598cd88a51cc821246edd5ad9d2f8e42d4cce9a544346adc23a6c95801437711c6a6f3e37835bde07c74f6c5ef7a404c5c7217a5b8bc42d03300489eb4d695920e922a9c628807d99e76d45630b127bd18fda38e42c414db741bf9526f4b788a658a442e0c47defafb11972a62244de3752e92d17e36d3d03349312268a671262f7b50c9700bd56e3b53524cb61daf61986789dd039d1a136a5b865c8beb56c9064abef9d4398f4b08701543edfbc35aa94f126d45205b9d79f929c7299e84254b4d02e0da5ad44a8d3548b552d08a9a9753de676ceec4b82a49cb55af1249a1b683c52795007144d53871772d8ac96a47c9c69d2a4fe3044523682d4aca0126a4e36b1ed4d56b0a926793b8ee21c24cd0eb59a280aa5d637d518db64d9529e4a33c573d3f3a2986923da078d5beb0dfe41e156ceb479f4dec33a2cd959cc97a143dd2266dc2222b584272ff00d406ac6c556f8d6730fd1c730cb0a53a940fcdf2e74e1118aea15b6a20ccdadbbd93bbca99dc4351b675ec261c273368412748540ee3ba8ed8ed3b10ad370273782beb49f13804341495380241120ea0710378aa13d226db6d484baa5026da831c8eeac76d04b0aa348e7a2cd75091c7e159dda9eb0ebc85b6a521b1a648569a951163331159dc5ed06d4414fa49fda5133caab6f131a150044589adeeda3561d33d106310940f48b039fd8d6b35b6f1b604675055d3bbfa0a5384db9e8c803ac06e55e3b274ad6e1f6ce0dd480b4a53985f4b785ea7acb925f8e0a670e34b7a30b8ac6371041cddb422b1d3a56cb6bf46d977acca926d7bdc775237ba2ea46b3f7c28964ee412953c8ad2e54c382ad736728552188d49a17b1ca90530f0eca2d0f0d052a039d588780e20d47961b3d0c373af2364b82af4a845296f16349ab138d483ad79d97157d1e8e3b5f6366d715071c8a5c769a66c4545cc6e7e753e3e9e9be505572b90ac42f388156308420580078d2b5baaeeaa4bc779af4974cfb75b22fc85dde06cee3120ce6aa15b467413dd41829e17afbd623414e9895c0aaba0cf4cadf615153c28453aa35d43677d12d7b175b7e104874572d546602bbe985335fd81ff00287389db6a7410a13de7c6280c2e01d27336b00f6c1a66eec05384642813ba7e3422f623eddc683520d5bb3c89447163137f4b736bd4307b37d20eb0029935867ca2014c9dcad7ba95270efa4d9c8348c8deb865583b5be511c76c271174c11e74b5dc2a9261463956b70ae2e3ac41a916d0a32a00d48baaa9e197be925f28ccb180300e5d78efa8b8c106e4035ab719196126374eb483fbb81590a2638f1a663ea7b9ed8ac9d2e9690225f7068aef9a7db231ee0442ce613e1d9418d9aca7593da6a2a780b274a77cc993bc1526af06e61d69ebc857189a1311b29856621c1ac00400470edacd0c61e3504e2547534cef5a11f156ca36c60d4d1827513dd413587598bea269a62559ee6e74a8b66285d21f32f450764aa019d6a973004589a62711ce875abbe974e06c7c88a53b2f98ab5a642759ab1254458545485c8106a7bbc7e36598f1e55c9d59911558c2ceea6585d9f7bded7a2fd456a008109eca455bae23c144b985bc8212d91ada88c3b12749a74dec92543a85477537d9bb35483994d686dccf6531e0bad227aebb0ceda33a8c311ee477545cc029446eedaf40532809cce242605f952c7b6a61522c9cc3b69f8fa2897be48727f2992d6b462f13b2cb6332ceb3a0274e740fa44f0f8d69f6a6d96949ca1000e173e14a3d71afc89ab14a5e88be5b7cb6742d437d148c5ae23318e143296802498004d0587db4cb8ac88327516d46fa159463c2cd9b3b519424032b300e68100f0837a4388c424a894ef3432dc077f9d56aed14bc9498ec589a6145f8154fad9a0ddc58d245528c4205ca85475299e943a18af1278d567106855629a3efc1ec3513884fe71e740b486f6b614f3b432946be4ba92633795494cab5bf856bcb29e8cfc7a7c911526d37ae8008b6b534263753669b426b1a97c9159e03bead0801306278efabd9548d07651785d965c232a4d4f9fa958d72371e19d773606d61844915d4a49309005b9538c4ec0546b0051bb33a3d9482a5579b5fc8c6bcf236af0cadec48d60d404d14969235ad6b9816c88cb599db1807104a923323599d3b6a79ea26d9d8bab9c8fb7c15faf84e899edaeff7caf8e9bb7566b138ea1558a278d7bbd3ca52b44bd42e59b6c374af29eb01137811dba558ff004c092722531c4cfc2b08164eea29a697a949f026bd096b479178b9345b5ba5be911e8c2401693f7a5eb2ef6309df47a1288ba6872f213a24516cc99d0ad6eaaabf4aaa65e953f9457253f9457770ced42dda1b793e881444ac1b1bf1047ceb37b2b14a6dd0ad048981ba6f02aa4e1d40c4425275ecd3e54459446839c54aec36d9bc0fe132a54a780cd7026e466cb31da68a7b66a413955a7dc579fc22c544929b728faefab13b4de254b6d505452623dac8401d902b95a7e8d74d7b366bd9e93cfbeaa56cf473f1a43d14db446643d64cbaa2bb4e6f688827fddde68bd97b7c3cf044c215980240179253bf788b71a27a191958539856c71aac328fd4d337f07f706a8f5322f1e543c32856ce319102c64fc28af581c49a197878b949eeab70f860750477d22ba68a7b7e4a3f32e5692269291cbc2a4e62102d1e06a0a0744a477d4dac02947ac12078d73c4a7df077cddcb99e4eb7b41a17293228cd9fd284b73d5304d1cdb185ca33308316ea950efbeb40e2367b1ee84f7cf87df0a9afa3c3977dcd9959eb5dae42074ad2564f588fcb1a0a927a4aabc026f31c052c798401689e0050aa440f6a3b24d48ff8cc1e86cccfb93427a40f28c8000dd26bec4ed552d22475778e759b4900fb44f71a37d69b4a22fa7e5d681f4330d687a88f2a7458ee21bb8c9f0a18141b8401f7c055388c70591098811dbcea9f4bdd5ebe09ec94479d5531a358fc9b872ea8abdcdb2f1177201dd613e1ad26f4a4daf1ceaf61e5274aa5df1c114e14ab90c6d4854cdcf69155b8cb5ef4f8d08eb8e2bec571bc3a8f23e34ad3f2e87bd2f1041f650272c93ba85bd334b2ad013e1fad4bfbb57c05355ca5e49a9b6fc1e6cfbd94c19226ff001aadada40aadc7ba82c51201541cb313a89dd41832647956ce24d724ae9ec74ce354931a8e146e19f481a4033f637522c3bb9405126469afcf751788c4a0a45a0c9260937dd6e15958bd23550cf1c820a542e922ff0003f3aa308328c82f13116d2faf1b54f0ca05a29efd4ebc7ce8551c804995413f19a04b6b4737c9eabb35d0f3497132645e4684588abd4c287bbe5584e89ede791d4693e91273422249262f61adbceb4bfe33c85497d85b6a1eec1163a1850169149b7913d245f8ee297ec1e9c42933227c6d553b882788a5a8e9e353768dcea329f1a643a6184260afc506de54b757bdb9289a8d69329ccae356361674f204d4713d34c2a00852893b920a7c74a017d3b44d90e11cd43bb49a24edff00a9cf24aff619292b1b947b8d75217f957e07e94bd5d396c44b6e7f14d7dfe37689bb4e7f10fad66efe8ef923db0d7113ed0f8fd2a3e8123ecd08ae9961b4f46e03dbfad567a6987ff49cf14fd685c53f4357552bd8cd965b06482aed8a916107dcf0a509e9be1fff001d5e29aeff008e70dff8c7c53f5ae737ad2907e796f6e868ac2dfaa001ce2a48c19df13db489ce9cb578c378ae3e1439e9ea47f928ee5abe6286b1e57e025d5624f934deaa6bbeabbeb3cc7f688d7bcc03c0054f69b8a2ff00f5118803d092483bc44f0ecae78727b463eae7d687ad60847b427844d5f87c1a53ed391dd7f8d203fda332059a54f094f7dc6948b68ff686eac8294a11ca12b24ceb2a1c3e7433d3e47c35c017d62f4cf4bc3e2da6e61598f30917efd28afefc4fde4af2b77a798980529646f9c834dc2fa7eb54ff00ea26278b5fc028d74cfe88eb2453db649ed908ba7da4f036f8552d6c84a5529091cf58a7987cb1a9d44785e2a0b4a730214ae761c693f917e361fc73ade85afec96f2ab36526202a22d4a9ce8a254251894248f7569509ec52640efad03ea10481f62a969c17494f61988faeb4dc7d4e59f0c45c4b7e04984c029b905326fbeddd6d2adc46cb6d4d15e7525e00c22c41208b4c68428f646fa6cbc3989cc2a90d2bb3b698ba97e742dceb802e8e7e19cae2484ea4a60a876131ad3dc430952ca90e25293947e2a81518993d59eae91df49d69570aaef171f7bab9dba7b3a7276ad6866d6c95b8a37604aa64a93ddf7ceb408e8d22df889803704fd34ac48278577d6d626eaf1358dd3f63633c2f326bb1fd0e4ae08299e240eedd4a15d0c741b25b3d91f314a06d47c7b2b5476d16dedec4a7fcc577d127917b09e6c55e8663a28f7e46fc469e1524744dcde84797f2d52cf4af1205e0c44d8549ce99bb3ec888e1c6bb763272615e8317d16547b9ff001fe5aa53d175f04f97f2545ae969b661161ba8a63a4882127344d76ed0c4f1d78284745d7bd09f11fc9533d14b7b09ef29fe4a6ed63d263afae97df570789dfe7435593ca636671b7ad199c474515b9b06fc53fcb4b317d135ff00a04fef7e95b55e2a374d4dbc55a6f59f3e591aba78bd9854f439649fc0888ff33e82ae6fa187ab2c9d0cf5cf8695b5f5de7567afcefadfc8b6bc8b7d2a4fc19957435005b0fad880e1fa564b696c8085c7aba936060acefaf5946d08df5175b65e20b904daf1c2b31f516bfc80cbd37a48f2c3b2c00270ce5c7e627e554ff768ff00c45ff19fa57b1a30a15eca818e207d2bbea5fedf0a6fe522578127c9e569da441d37799fd2a6bda63fa7c695ad9235315f38444769fbee02bbe0925f9283d3b4a2e4923869e75156d30a075ddf7340b6c13de4d16ad981053790ad7977efd28962907be8b538f0600df558c7713dd552f0a133077dbb2aa5b235ad58a4eee632f5f470b81e31355af6926dddf0d2871831313ac5fb4550bc1112267bb97e95bf1c9dc84a71c6da5eadf5a491cf9769a053815de0684dbcc51987d9aa20e6fbd0fceb9cca0a629fa20ac4f67f5356b4f0336b8aafd475bf3e56ab13815277ce93e558e51ca68b3d2089b7f435d6d6955adf706ab6f019a7ad7ddce6ae46ca5de0e8537edd2283490c9c56fc22f536dc731b8f6c8f8d505a4c881f707eb433e989eb686f6ecfd688687592019107e83ce2b741e9efc163ee2b3403a1e1c26adc2bee5faf68f38aa94b89b4c93a71bd5cc00a6c8ed24f718143e874ed170da0a4d94a136d3f6b4a33d74699afdb59b4379947888f2345e21af6883c3ebf314d5202cf48d025ce26ad0a2448b8a58942b29336ca91ff0013f4ab1b7ca029267aa904c6f24c7ca8bb57d1cb3b6f961deb2455ad63a3fa5430b94a41993789b6faeaf0e927da8fbbd66a1f943777e557fe85b5b4d69ba54689ff001039f605207146f0a904d8708150834c5831b5e09eaef7cb12e35608518055ecf8898e660f9567c3849a3da52bd9b59c3cb40208ee15118100a946c13e1322e795e8be35e88db2fc28b4117efde45fc68c5cf56789f2223e268cd8f824ac492475571a1bc5bb3ad154ed6c3e45a46e4e40775d59be2535bd891aa858f83331a9fbb78559826c2ac67f4027e468d461496c1132731efca48eeaeb586cb78d413e290341cd4285c8d9445b61b0b8bc08efd2a975202c883af888dd56b325d55b722ffc536eea93ac2941c3c27c260504cf233d1dc3293a926c35e240b775eb8f63557bf0dc06a13fad0b94a5264ee9f11fa50efacf5ff77e037f0bd6fc4b677cad2d062d60202bf30b779335271d04aa34bdfb00314285666e0ee51ffe5ffea8742642cefe1e3f5a358c5bad8d1303b63e91e75c736b65b057e4f206866db5b808402a2502122e6e748ad0ecce80bae997cfa34f54e44c159d641f7502fccdb4a1b89f61cdd25c1990ee717be624db590205b854c627d19448221241241179e7d95eab81c26130a92868210a8826657fbcad476523e9261c3dd52a514e5990546083b871a5ed20a7b998c65fb20ea73b923944fce816f1840581104103b8408f0a6870284ab477aaa2a820090a0127b2238efa6dd1ad9ecb6b568b912a0a4088880066dd335db9f0152a7c98e61c9882743f0f8de8979d5c18f78123c63eb5adda5b2db7e7d1212870196ca4650a207fdb5471dcadc470348d8d92efb245c2e3bb2cc79e94d491339a42a46d17613d63199205f53a7d2b49806de75871ff004a094c2cb65373909b056e350d97d187169320272ac804c7baab7718a2f636cc7da75e64484a80361a8220dcda8732a53faf9d9b8bb5bfd80f038c2b422f75254aff00914fd28e582a055361c38695dc47460b29475bd9cc0470cc543b2e6963b865848124c1e3aeb1f1aa3402a24970362e6f04fd2a1fde9f734b718caa133a9204eba0a87a173f30f0acd337b8bb14d06d5963f29077dc65b6ede7c39d36c5a4a9b712131212091bc91c7c2afdad822a79516ea9cb22c440bf6830239d30c23a42212028948d06f4883dba0f3a24b42f7b16ecb6d696e4895144ef8eaa90ad37fb3af6d53b44a8b8064b1ca77ea82a2983bbda3e14dfd03b95bcc0880e01d9d68d3f669532f12e051244a6e0cc4a4787bf3dd435b0e3431d9d865048cc9881bf98207caaac63094e71319262fba27e22aec66d45144245e274dfba953aead5320dca8f7c5be34b514ded943c933c20d0ca42930262dfc456a1e4aa1f06e804e69df3d849f9552d3ca02093629b72007eb5dcfc403fa5128d3e41797e8af68b8dc5b5cc94f747d687c561065245c41ef809d3b87957d8a6d473427f298beba7ca6b4bb0ba3eebc995828412609d48df09fbd28b4a40ee75e8cb7aa119841bb9637de7e06b4bb17a12e28953c72248f645d674e3648d789bd6c19d84c16d6de4f680ccad54608be6dda0d298bf8b08b244abc87d4d2eb2fd0538d816076531864755296c78a95da4dd46a7eb85566d394713af87d6aa092a54aa49e27776701563eea503e7f4a43db28ec52b9333d26c0b4821c8eb892a513aceb6d0ebac567587c91a8ee274f91ad3ed16c3c609eee5cc78da80c46c6c3a124c40009b48f0a1eef47287e452ac52868a3fc4af9d2cc7ed87537049e3ec9f8f754b6660d6e1714a242336546bf63779d39d95d140712da94a94a0fa423fda6533df146b5be4ced7ae0b30381c430b4fa750297001d511915652679ea29aed4c4286477f348572713a9ef041f1a67b55acc85278823e9e759b7b1599a7ca9574a5821306028c951988920f856ed84e17b0ad9f8f5273428413316a7983c529437579f25d333a533c26394345c56fcba7ca33f1134fb5f26cb12da16214697bfb152ad08a568c7acc92a06a93b5c89d7efb29d19a69e912df499216d96633630040cdcc6955ff00758e5e35562b1de92f9b4a0fd32bf353b86234d0c06d2538b4fb2720d78c820dbbe9e6c7050d7a4504a755774c0ecd34acaec94ad0b1395672906dbe4469f4ad5619f565fc45246e1c2413023758564a02a893d8f0b88485473e20cc4e959b69c0fad70d96d6839f2e69912124127432478d685cda0d1200b5f72788336df159e532f97d4a4a8210152a5d81847a3242b8ee001b5e87226745126b0ab4a07a5490e1b948164df49e20555e849b004c7235ab4e31b51904111008837eea5db550e020b6491371311e1a8a353a477c9c8999c0970fe5e6ab0ecbefa70decdc3b6805442a3536bf6516cb6320cc01df1631f5a4bb5f0d6800a523400d84f0e549cb86efde97f4538ba8c73e56d9a0d82c34e92a4a4641616d7426790b56a9b6ebc9705b5dec299475933741f88e07cab4f80e9eb4e0cab96d5cfefe54b70e50d56aff00a17edd46312f2cb2853c331bd91026c917bdb78e1420da18f46b8577f7540fc4d6c70bb41854655a4fc688c6a4e4210926780a5afec778f0ccc6176ae30a7364241fda6e4768245098adbc490161693bbaa0c9fdd2689c7a5e4a480d3b1c90a27bad4bf64ece707e23885051b0052aea8d634d79d053d0cc6bb9f27cc6d0083759926654920f8914c11b791bd43c40f2a3c0fd9ecb556a5ef2849ed4d2b69fa28d3fb051890ad003de3f4a3b633e86d1d7202c88235b0922f1ce96fa8079709c3efb9f4605f91898bcf7541fe81380ca716e363f6c248f2834d894c5e4aed43b7f1685582819d06f3d9497a50a4b2c270e075dc21c73904d920f8791a6984c13381694ead6b70a524a9d73e0da0581dc37f3aca3cfa5f25d241cf7b9bf21e147e1ec57777f00000dc6ba1a56e344270a93a0a8fab41d628f6806a8a33a86b5607675ab4b76bd43d18e3449201b67129a97ab9e35f0815df489a3dbf4034986b0a0dba551ba35bc08d23bbc28dc13e32491fe6df35e25794794f8d26c009702b50a98911ee8b6b4732f272104dcb8aff8ae7eb4f9d1e7d96ed0dad8869c199a425bcda804c8d0c2868a826c6f342e2815b8b19894a94144e9363f1194f70a31eda256929489490419074f18229262b673aeaa2e940b669d00d63f6adfd282a5ae3cecc9f1c8df673c505486d03d2102092488dea275fb8a757819c82adf131dd26b3f86c1a19714e249f604c9ee249ee152676ca56acbd617b12201e43f5a2c6bb786056f7c0f0280d285c53a083d7028574151d6d423ac936d29e64a01c4b8093bc7c452bf5344e5cd00e809b470834df12848a01c4248b8f1a4644b4550d9f37b3d6820a14a11a4123cb4af4c6f0ab2842b3a89290754fcebce302ea26012922d94c8f2d0d7aa6cf92ca20c7546e9a83326578c00b6eeb99cee083f03524add1efba3f755f2a3ca1d1ef24f6a0fc9554adc738367f887d6a7e46f0509c5b9bde5f7a17f4ab138c57fae7f855f4a8a9e73f223f895fcb5529d73f2a477abe828f931b091889d5d70f6050f9541cc5b6da4aca6204952d5111bcded48f6af48da604baea127f281995dc26bce7a4fd26731322e96f724992781545bb879d3a31b7e45d5e86bd2ee947adf51b24b493ed410164701b923cec682d91bd1bd212a1fed57ea0f8d2a69a8481bfe669a6ceffdd848deda87841a7a5a4f42e5ee907a42858122a52664d36f53d286c561c0a52aee2a70e4096ef0355978cd7c5a35f16e9d2b422db65de9131ceab9fb9a81689a1fd55ee28fe13f5a7ad13bd8f9a74da20241881a0ea93af954714c29b8cada724c955d44499d0446bce82d90ea4ac5e0ee245898a3b6da9f500195253639a6c4f6136a9e36ff00c78d0bb612d636418090526e67ab1373cbb39d2ec7e31698702829b034045944c5fbc9a834338487922779de75827baf6a9ac34a2530223310536012379d009ac791f6f2ccecfa39b37697a4b91106e1466386ebeff1a37d6934e76539866d2e9094af2201ca1bf68df49e702942d979f5db08113a640a4c76e6b2bcabb1f52bc0cac2bec817f7d0ea7d535429e29241d41820f1df5f25e9d2aaeeaaf0076ccf926ea2f735462d686d0a59dc34e2770ab3d594b2223520c9d204c9e022b2bd24c602bf46956609d4deea8e7b87ccd2d24df0c6ac9c7081f676d92974e7eb254a93c89de0f957b8ec5c425cc2b6a9e23ab3b8f2af22c2b491832b7512da5c0a4c6b750fc3275493cf74d7a17f67bb48398552404a32ac9ca2e1214069353f53a6b7af01e17ce878b712340e7fcbeb42baf205ff001045fda57f354b69ed0659415b8ed87613dd15e6fd20e9b1765bc3a5490755a8f588e4344d4f10efc0faa53e4d5ed4e92b2c8eb9583b867398feeccd6376974cde7643490da7f349528f8d8785669c4c7324ebc7b78d4d7d54d5718a6445646c8b8a2a55cc93724993e3ad58d3799606e173dd51644093be89c1a6c547def85318b41ac895a477f87eb1456c7338e47242cfcbe542e1951995dc3bbefca89e8f359b14e1fc8d81e31fad025e439f28dab3890653c2aa75e49dd7f955d80c1a412b5699686c7ba331ca0472a9a679e0beabf5db04780aa94c2a018307431ad53e84a7432381fa8d28bc3e25d6d09851b899d77f8034d756b84887bc19d65483d60524dee22d51cc6af75f52cca9455db55c8a7cabd720f723ec0b4b06ea22e639c7dc575c7f8a8c82094f007bb9d712bcc8df299f1feb436199ba8a9633690a04799a4d6458d69722b5cf25989402d84a49055267747c41b8f3a886ca632491052489df6324ea2be71952950884c003bb5b768aa769294d0094b65617b81241b1937d293aab5c2e0d6f9d31a6c9c73a81950a0a80ab424c4992498dd478da0e25b0a2ec2c28e542af2274267407e3d958dd9ca5fb24e5503a6a32916ba62fa8924cd5d89462d24ac00b4ad432e6dd26e12891a718dd5958375ad8cee4bc0cfa458f429c0b9ceb290a5e41a1bda24c5808efa0d8c4857b2ad455387c38415e632b59926780d073135d426f6abf0ca53c3136c658a696860ac00a046e327f6640e7f1ac6b3b3d4b7bd1a9412b54fb40fb5731df78ecad3236a25bea9540209e56899f1ac9ed2c6fa470ac488809e36333e2682152a72ffecd438c261143fe99d5e564abd22d7a75529d2fa191f3dd4c705d226304fce19b5a8110b055d550dd01579e76a57b4d4f3adb6e144a15092019ccb3ef40b836306aa3b156acc44664101493ed0204e9bab1caa9fdc255ae50c3a57b654f949ca50d9485a45ae0f08dc34f19a40ca6066235a7586c5a32a73b59cb60e4064244aa4150e00e837de80f5675e590844a899212000013b9237564252b482ba74f6c090a9327bbeb502731e435ad46d1dbcd1fc271a2b4a606504260a6001985e2da0acf38027314821326013300990277c0b775127fd00732c909f1eca25c30206ba0aab0c98b9d4fd8ab58b9cdbb41f33446853204a51302d275803531bf778d6b3626cf6500a8399d2b139840237c48d44e80e9f0c3e29dca852b79ea8f9fdf2ad5746d25b6d0911ec82a077cdcebdb48cd17d8dcbd19b1f2f161a404a9454a22f1b81dd7f8d281891275ab1fc3294f2f992a3ca49b1e06d5cda7854a139a40368120e6e302958dc4524dedd0c74fdfa0775e912913c85c8fa519827d591280812a04a82cdae6d06dadbc29334f410601238dfc788a75857fd221686c429604e6364a4104dcdd4786bad16776bd00b9218b65607fda09037824cf7c9a0331a9ab12e36a292662c7783f0b557eb89ff451e2bfe6a7c3caa7c260348e2de241cdd590440b508e3920c1b8f3f1abd5a777ff005a5582eb669bd947c05aa452987e59a1434aca8283054124ceed0e954296144820f6f31373f4aa0baa3724ce6038580d2d5266cb8dc75f2fad624d2d331f92259bb6039659502998800f11be77512db496a0414890389d622e7ca837c41045ad3df34d76c2417082040424f7c8bd3a3234d2369028ca546202a2f3c6f51c336a6d799490a238dc03acd470a7f111d86a01d513a9bd50eff5685b93bd23c636b68a8370e58488f65442563b0c81a4cc554d6c06d08eb25326e4132a022e09d05aa1b692024102e1688f3fa543603ca5873392acd9c99df2d827cea75b78d69fb0fd0db67bcd0672a544a6404ace93aa6c04a608bceea5db3b67a829e295c3c825446a95a48911df33db59c7712b4a9bcaa23f0db36b49324cf1ad96c859f46a57bc4a0922d728e5d945927e3debd9cbc866c5fc36332907ace1042a058ee02f61af7d2fc724619c71d4b660f56741994661262c2041f0df4d366a8fe1a7706d440e654e1279e82b2389c52d7912a5129cba4db4e02a6c6b791b1852e28bab2e2f537f97caafc2613d22540fb2208dfecfb51dc7ca867f4f0a3f0ce948001b0131db20eb556d8c9940388c375b2827f4a92992004a6f4d1840566244908a099f78ef02bbb99ce16c5f93d23c86c7b29b9eed6b40b7287e8e34939c9009989e54662900668dc3e7542bfd4454723bc1e112ac3a5615f88731373ee9b057640efa4bb5bdbcf119e4c0e36cdf23df40870e9263855a2e003a6559fe15009f00a3e352e38734d9434a9683764e19b585124480494991a4ce5237c5af50c4641252bbf08222e3422682c18eb81b8c83cc6527e429eadb058b81ec4f7c5764a736b7ec9f5a42675f2a324c9b5cf2d2a19eb91a76542ad6f5c216f93fffd9', '2024-09-01 20:24:21.575416+00', NULL, false, false, 1, 1, 1);
INSERT INTO public.users (user_id, account_id, nickname, firstname, surname, tel, avatar, creation_datetime, description, is_verified, is_private, followers_count, followings_count, posts_count) VALUES ('95575eaa-0d48-43f4-abea-d5557e424048', 'auth0|66d4ceef17161272fa776a9f', 'michał5', 'Michał', 'Nowak', NULL, '\xffd8ffe000104a46494600010100000100010000ffdb0084000906071313121512131315161515181a1817181819171b1d19181717181816171819181e2820181b251d1a1721312225292b2e2e2e181f3338332d37282d2e2b010a0a0a0e0d0e1b10101b2d2620252d2d2d2d2d2d322d2d2d2d2d2d2d2d2d2d2d2d2d2d2d352d2d2d2d2d2d2d2d2d2d2d2d2d2d2d2d2d2d2d2d2d2d2d2d2d2d2dffc000110800e100e103012200021101031101ffc4001c0000010501010100000000000000000000040002030506010708ffc40046100001020306030505040707030500000001021100032104051231415122617106138191a1143252b1c12342d1f0071592a2d2e1f116336263728293535483243473c3d3ffc4001a010002030101000000000000000000000002030001040506ffc400301100020201040102030704030000000000000102110304122131411351146191052281a1b1c1f0324271d1152343ffda000c03010002110311003f00bebaecf3a5c8ef4a70cb67c4e9553c8faed13dd97aa0a487c5b02003f818ce49bea722519214701d0be550401b562a8bd5a8f1ea3e15cef77bf1479ff88db5b4b2b4c996e5212a33144e4051f621e916d63bbacf3138112bed3ef2958bc6bbc656528a4d3382136b5821d4a19b3533874f0c9aa4c5c7224f945eceb329730492896c9a82d9ed942bc2e35a65d65a00767714d8e622925da4824a56a04eaf58b6b25b16071a82855dd38a15284e154c35922fb282db61992f8142872e7e2d0f956664b0293c8966f18d1fb5c95242532d4ae60107d3388e7190ff00dd902989274d8883f5a554d03b578667ac978ad0a014b2027266a74d8c189bff00029d2a593b9ab9e7074eb802d5f668294e6ee1bcc53eb15d68ecf9c61328952b57a0f0cde26ec33ec2a9ae8d37672fab496ef0163ad75f211657e7695525b080b7a3397f48c8d8ecd6c94ac452b28198d081930ccc59d92fe42d425a92429d9a8006df58c1970477ee4935f235432b51dadb4fe65e5d97ca92c26a18a8d0805bc5f28b79b3d2594a19457c9ba02949998dc87a01ca95836c575a829456ac60e8ccd1832385da36c14ea9834cb7ad5342500e16a97600e94d6249f67335252a5949c8a833b6a03c1ca90c28968125d8c05158d6a4124fa6901b9780b6bf267d3748095216a7457ae7bc64acb26cc99cc14a51c470d295c9df6de3d2264b4a891841546767d86d28538b3cba1a125ffa5237e9f50f94df7f3a3266c5d52fdc0a7f63414a95de004d406d7998c7ae584929d4167e9b47a0feaeb64f044c50427e14387ea5e296f2ec74c963125d5a90f5f331b34faaa7b724eccd9b036ae3132c21e4c5dd9ec2b99c0fdd84e6e1fd53f8c056db06053038b9805bce362cc9baf2647069580b4762ca4d902c0014e760041173dce99eb52311494f4a87ab1dfc224b3c629b7e08b1b93a453439082680127946aecfd9f28b5776118868f50c7524eb431776db80216152c247c432a6c2334f5d08b497943a3a49b4dfb1e7a2cca672291b3ec4dc92947bd2428a4fbb42db1fced1cbfec586492a9480410028679f388fb1f69329631a70a661071e5cab4c9fe70acd9a5970b71e0662c6b1e54a46fbd9c7c29f211d893da25fc43ce391c2b91d9b89e576b9c5b09491be2a9ea1c70c03862c6d3c4a73b0880cb8f4d09523cd4b964a274a3c4a49715772e4d1857219c2be2f8339294614a5280c1b3f3d607eea14fb19484a8fde7a6a1a2928da6ff00b74a9a01c3134a9a52616084510edd62c26c378196a7d20fb2e1b42f8f87a664758a528874b246a61528a7caec38c9aff0006da4584cb46044d2417e1e17e64b88a697659899b87bd61a01c47d183c32cdda132d38426bbeb16770de52d9d4bc007a9e9189ac904db566b5284da5d0426cb269dead6a20d028915da8c983ee9b2e150c12a5213bb0273dc7f38ecc9b2e6a5c6150150a219b9826af102af22834989206d5f0a6bca31c9ca4a8d91db1766b1367719b748264d9808c95d97d6298ea98c32634af4ce343facd03ef26b95631ce128ba35c32464acb0291037b3a4934884da896a80ff002879b500fca174d0cb43156240a8a18a9b4afed184c3c3a61705fa084bed4c8512904920b337d4d2075dfa2615265cb270d1ff000687471cd7684cb241f4c9d56b152aa36662a6f3ed4c81c09562a663e919bbe64da26ce2132e661f84bf8bd629e659958c0c180bb3310dceb1d0c3a4c6f9933065d5645c451753af4b39f7659cea3e27df71032af1945b159f876c4af283a5f66e62138cab88e4123ea6064f66e7a9471a48e66b1a232c3eff0098894737b7e47116b0a2d224250e1896196ae63b76581466a4be0567c589233d0c17fd9f700899874612d41b772ff38b13610000b9e014e448cf6a9809668a5517fa851c536ee5fb1a2b1c822af88ef99872ecab2b0a5061cfe9125cf78a30a4620a56448d4c58da2d6901d4cd1c993929747562a2e37603689026103083cda126e70455296d88db28e2efa942af044bbc429214323918afbe9169c1b07fd51c842823da79c28ab90551239dd97b3775830805bdff00bceeeef15123b1292e7bd2cec38730c2b9d2afe518891fa64b4057dad9e5286a12549f9e2ac69eedfd2dd854818913e5e42a8c40139d504d01e50e53d44170d897870c9f31397fdd2892b0896851203922a1b73a8319c9f2083504758f47b86fab1dad4572674b5acd19d96c9cdd0a6506e9065aee596b5e339eb41587e3d6ece2466cba1ddcc59e48a943c618511bbbf3b38872b494a12012684fca322b91e5bc6fc5a88cd5a39d970cb1ba600510c2883552a1865c3b789a0354b8614c16510c32e2f7901fbc533622db3986898406143bd62752218a444b45db0bba6f43294ec4f22cc7cc3c13795f5314ed2f083ab0af52d58a828823dad787092e0e62132c7172dd4363964a3b6cd15cb655069aa98904f5c8fdde51a0b55f899683890e90331f8479fa6d0b01d2586d5f405e25b1dad2158a66224655319a7a7dced9a71ea76aa897d70cf96b5cc50969388d1229401aa0fce35977cf96cd83011a3365e91e77facd2141499612464453ce0e937d4e9a58ce4a39910acba794b919875318f1d9e8e9093a02207bc648524a000e79467eebb72d0965cc44cae60804458a66827177841f123ca31bc6e2cdeb2a9222bbfb39325b34f5103249008f9c5b8b396e202903cabd1e8a525c7c27f1ca0944d4104e2a6b03394dbb9170504aa241684823268c2f682d9c5f68a4a529a02a2901bac57f6e7b7b37bd5d9ecac9420e054da289551f068122a1eb918f3fb44b5ace398a528fc4a24ef4f2898f531c7cd5b0336179555d236f2bb55224d533711c990097aee69b987de1fa474ad2c942a83256100962d573f28c85df74622005807271cc139f9c5f5cdd9f9531a6e1e018a8ee0e16199c866fd3485cf5b39bb49178f47151ab74013bb5569513830a1c060dbb1d475d3781e67692da19ad248d13461c9a9a18b2b72e58264cb967062389866e0512733a12433738825ddbf665696d4f1d0b643180c1248c9f3f58cb3cf95cb9959a23a784570807fb576cff00b99be69fe1850ff6d1b1ff008a6428bf567f3fcc2f4a1edf9024eb12a5a885a78d24e21a01a7ca0c4d8fba420cc014267da162e120b306de84ea2b125e658925ca9aa1c3b1533101e9900612095d98300a08512f4709564e017a1069907e91d6726e284aa5640bb30e15ca5777351c60a09490ce9a293916075af8c68ee2fd2adaa4112ed29168406afbb3025be21459c8d43d0d633d2e694e174b1030867720b92e3a1cf4a40865259dc85825e99a4ea372093e102a29f0ca72f63d5a5f6a916d493294400c4cb200525f2c435ea29034d924c798d9664d92bef2570cd450b54293f0ec4102a3cb97b47614c8b749139d248004c9609065ccd41dd39b1d61dea471c6cc1974d39cf876679526225498f495766e43be13d1e9d23aab82413596207e3620ff00c7cfdd1e60b930c32a3d0af1ec9a140777c243e6e5e29ef1ecbaa5a7105623b00df586c7550979133d1e48f832464c30ca8b55d90ec62336787fa867702acca8699516a2c84e420db2f67a6ad18c243559f32db088f325db2e38a52e919d0930deea2fd771ce1552081f2f2816658da22ca9f453c725da2b51677206517f77766b111c685039b2a011663b44f26ce455da06726d70e82c6927cab34a9ecbcb7184a8019b2a0cfececa7fbe7fdc5a286c178cc470e22cef4f5ce35762be50b0c2879c60cbeac7c9d4c32c13f0913596eb9481448f28f35fd2476d2510bb1d9cd52bc13963220004a504675749e862eff48bdb33253ecd6657dbac3a94963dda3567fbc4790aed1e4b63bb92ea13713a4a461040554126a5e8cfa5291cec99aed366d515e00ece9c6a0900e54e6491ae8e3eb16b62b24e5b2544b1248c472d14100d2ae803f9c153664a4109968c492872eca254e45762424747e712d9e813de8e00014848aa806c493f0a8b21f77319a73fed41a8a049b2e5cb964a415a7883a49e1c201aefef0ab066ceb169fac14b432923ba280108258accc4b30667ccb8ff0018eb11de532cc25cb5225a4b02548248249480d46ad0546dd218ac56c585292942092010457dd0a34fbc00c8b1da2d35e1f21a7cf006644e3292b7c2c7093f107c048f8400a20f31d22c5573ad32a6216b512462480c5ca438269ef0580f5a0e6634b2ee044b938438aa4906624ad4cd9048208cb502a72d41b6c851aa4e1e12a09c3985025493c391c279c1a853b0a8cd7ebf3ff6a9f21fc50a04fd453375ff00c6b8512e05ec7ee1e13c2b59424a14f841c4ee084d2957707f0d19d9abc3ed7d9480133460208f757a11fee60c7678311783610a96a449989c4661c4ac2b003ad3c2010c06209701a9014cb29242ccb5159402309092cba0ff00536994741cd2b535dfccc0ded69a24744b58252090466f54e4789833c32d12909504a43bd7520b82e1f771d7ac173a5e3483c230325b0143612c93c9c3877194589912664949463411370292a604bcb0acd868a00935a9dea8f5e295b6cb4eccfc828049219d2715464ac88e439411227ceb34def6cf3bbb2a67290d8b52e3267a8d2b0a748296701c571020b170051db7cf9c48401455052ace399a51a84bfe4c966f62d4ab82e6ebfd22de1255f6c513d27450093d52a40f9831bfecaf6f6cd6c2259793399fbb591c5be057dee943ca3c92db27e104d00218d406ca94a37f53005e163295d3ee147164cd5041fba41492e351123252561d9f4b2ab15979e366414851d4ed18bec676fc4f48b3da484da1344af21380c88d02db31ae6361b0996c4d090f0c8c5f60ca516aacabb1dd4a33019cca4eceee748b9372c939a13e0200b12805e227873036262f64cc0a0e0d20b24e56061842ba22b35df2d0084a456255002193ad01342629ef3b42cfba787952169393e46c9a82e107ccb525ead195bfd485cc7091d443e7c87a835d7783ae9bb10a7ef3c2b97331a62963fbc62c92965fb9450c992d5c263a2ca4e4927c0c695186528a10925e0bb34b082b98b500809254ec0002a6bb000c13cf5c82b4b7c59999375ac8c585922b88d07998cd5e1da99094b485098b2f848f73ae2fbde1b45776f3b4aab74c28944fb34ba211c43bc21fed543670c1ea05758ca85a030c2e4064f2ad69be42b1cecff6864bdb01cb490892fb62ccd54cc4eb9814ea67e1c9ab906105614901654a62401c2ccc9a051a8516cc50b364f49e64a9684900ab22e09c24b550a0454072286a7387d9ede89613892964825495070b5a9c38d0b70b1ff2e39f2937db3746292a60e9a636483ef1c4a03dd052eaa3355fc0f8996f4b0896b96c5bec8a8315709085be372594308a6e4c5e5cd60514199dd05a9450d31409028ea2038052283ef54ee08853acaa9d352152e94214d8960292a1331778ea6762c7528ca0e10928b0d478326b94553532e5a4a84c387137ba31231d492e402f99cc47a1d96e9952ca9411c44a685340964b60d1a8dce0cbb6c32250484a121480a0977a8384ad593d7577c9e911a169f780241ad712588259203070e4b694d61f8e0a089188e5274c2194d841531a39200ae8c69b984108055c24a5c3fba49e1f77a1707f944e0a70a9c172c1f36d491c3bef10d9545456e002140065125851ce59d20dc90690677768f8a5f9abf861437be3b9f5fe28501659e5f22fb966cebb34c5284c046153f11000649572aa7666daadb867a967bb0121814271312ca2a294eec0b0146a88c95aa662563d49d283c368b45db414254094ab1171f0b551835676ae9eb1d1cb87eed2edf9f99cd93b346a9ddd8e2cc97661a8665312df318445c5d92412b2403883a500384953632ea26b44d75c319cbaedfdf2429d96961858b7be0950ad4d452a69ae96d2e64c4ccc6688c4c50e158aa52c028624b7a826a2b1cad5c654e3d3fe742d3699dbc64230900174b288ef1cd7205cea03ea0f8c5649b62533127ed0e2140a77a519a846bd79c6866a90a4e27c414411e150061624071a6a284b98af082165c929c8b33b50b0dc3835247e0bd3ea16d719a6136bb044de8144a90922ae1c9605ce40fbdd2be91237f780e265a41c26ae49191151f415d2186cec0804e30a70487294d71ab2777c30f0487902a00c7889c580b1a280c9c61e1a46a538c7fa028ca8a59f66a0352cc2950c5be758d15c7db59d2404cdfb64733c636657dee87cc340f6b43a70e849d39d33ae473ae714932450b91b82286a4fa5401943f165dcac19533dbfb337c48b4a4aa4ad2bc8a905c292eed8927a1ae54ce34f241090c00e51f31596d3325afbc42948520d149e123ab57c758f6cfd1cf6dbdb41913835a25a5dc504d48201501f754090e32ab8d837226370b5d17578d92628e235d888ae448592c17e794692d6ba100b1802459d8be6da45c25c7249c5eee0182a612312438d4379d20a4d98731b982e5a4e60520a4a68d02e61a87b95967b3549a7231e71db9ed18b42bd8a410258581357ba813c23902313eadb0acfdbeedc125565b193438662c6ae1b0a1aa039a9ce9185b2da128c2966c2a7240624004375249fdd8cb9726e55e0b492196e2841250491bb6cecefae8ff8c09d9db14c98a2a014a15e205aaed42720ca77ae460fbc6409e3de420a892a0e382892125d9f3d368b6b15e52e54b4cb09130e414c96c3853ab8d77cd9f2684c22a30729f9252bb6595db712f890ca514232014010061633509351a26a402f0523b252967bc282432384a8a80500c5cd0a86439b9826e8ed24a5854b5aca59782581aa55ee65a9f4e8d12a2785948efea405e02100a40fba3704115ad078c12f4df43d5340b3e60920a65cb091a12084242aabc22a1daac353bbc5a4b329207123131704d5d82aa06bbb6c4eef9fed67688240912c3a92ceb4e1211955886d08dfac656db7bda2d0538a67de39513c20904115ca23cb15d02f224e8d3dbbb4c9ef242e54c413de329df09494550a152dc492fb8f2bdb05f126a014b35588ab27315ab26be0d1e5764b110e56e19887a710206163a9fa43a6d8941256414a717a135e797e6b0a7995f60acdc9eaa8e0521c87572a06cc2592c4391e65e269f34a52e350add21ddca99c39673e71e6d60be27496e352d097a120711556a4125c034826776827a8a848ae2009f74d429b112c19cb5321e7071c9118b2a66afda6d7ff006e7c970a283fb548ff00a5ea61417ad127a8be6622658b024122957620b5695c8e639e71dee900020ad5995029cd80259b677ab7bb11cdb585801095627a877fe6af1dbc626902d00d104100299429849d42b48e96f9a5cb39c412a5aa592b4a92a007186242413e4438cfa46b05ba81684f0a8b70d006cea125cd4b3d586c633d66998829225af11e222a299aca59276146cbd34dd80b3a0a2d0a9ea0896a1c0710c2541ddead89a33ea129ab9f8fcc28437ba07178a982cd713a30b506a915d49abfa44d63b70525d094ac12002c1857dd6278981cbaed15f6bfb334989587070877218b641b96673e712d9578d25b87106142388a5233034f991b462c98a35c216e2d701b3ed7c581345067e490a7706ac012cfc8412a58c292161295100972e6950e6a4d736dbac542e74c42999b84e82a1f373a7ba6ba476cceb54b74803705268fb62604d72191d4d207d154bd8b4c3d052a406a9019f335248d2accdbed01cdb18386a5d55ab0cddba51ebc8c022d2a4a99d21dddd471114531a967d7a983e55ad671512c708c24b81c292c0d35277c8ef07b278ffa5940c6c784829ca839f5f3788d18d0a0b94b295a5f88382c7983f9f4896d16f09490a7a8a25bd4d08cb0971e7b42674b39020b38048248ab2935a8fe90e8ce6f9642e6e9be270e394b5a554c7849627729c882cec7a46becff00a412105e51ef391e02772fc40674af58f34169523892086f5dc67d22745fb24b3e2719be9c9c33c752196138ff00d8ba2ae51fe937765fd23da1278e5cb50d8624b78b9a43af0fd282c485255292898a494a56164312080a0920e47fc5186977ba2a701a6ac9fa9ac056e47b410b230a0164e4eaad1c8760e5bce33ea351a65175dfe2142792f962efc00f2f2cb13d566a0b03d47f37acf250a296c29720d4ef5abf97945bdd5704d5a3bc4265a5294cc231a80c225821430e64e24b654a40a89930925c804e6c6bc4c075dcf28e1659caadae07b52ed95a6ca54afeeca5209a9d686bcc98266d8285b13b30a1d3534a06a375ac5899d8592c4a94c1c73e9a666393663631aa6a4f879ea2333d4cdd5206d0022cf3817294a720918816000c35777196f0e1625852495a4330aa9e996a3c6389b6254a02a5ea4803635a68dd731104f9b89d2a4a404920973a04b0a6bc4c7a41a736fd81dc59c9019384cb3c44952bde2cec32e13515fc63b22ef524038d3913472ce53a9cf239c55fb594948005480c96f78d051aa0383e11612e7f780e2c49402309729c89e227339650a94671e5745d929b120502830e2fbd993524906bb74896d52c0e377237242433d598d7273ca282f0bc1254a38d3803390eed42e1b31ebeb04a6f64a310c4ae148539a80f4a6da45bc595a4f965372261773f11055e35a352bbd5be71d16257186cd800d53bd4e5f5c460637a30756206852e4317a8c8ec479f282157be1f7880a760ed84d52925df13d7f183bccbc171931bec47e01e43f185067eb395f19fd910a03d5cdedfa97f899d36e524028011557b8025dc8a16d3f3a98626792169249c494b926b420863114eaa4373f9c35023d3be7914dd9358890eca5539edfd2355d8f4f7dde9592ac29c89a1aea9c8e67ce3212f250d634fd98b41922692734b0d35f58467adac6e27152e4ab9c8090400c0f09e99b7e7289aef2d888152cf9680446b04d775449654d0c67c9938ec4ca43e65a4e234154ec3471a8e711c90938414a5890e30a58b644866279e71d5cbe2f089532bdd6cc10607d5e114a4c1913cbe9e4397283bbf514e124914d4ea90ff005819167ccfe7389096f4d36893c9bba26e209a9d6ae399d9b7e50e54e2cacb88568347f2f086ad7a472cf24ad585209e81fd20a36fb295b2144906ad9e753ac705ce87aa3e622e2c774a800485546a857e418d2587b3fc05d2acba1f511d5c718a8dc82daee918b4d812400c69907ca1c2d0a938402454b31e758d859fb38765f564b6ce4853c72dfd995f7648cd8d702c82dcc1f9d232ea30636b819084ac1bb3b6d404951031944d255572a1549cea7851fb2229576b2a2c49a294a1d4ac93f331572ad0a1b067e5982f4113c85eb1c7cd6e3432591b5418501c10326fcfac2b54b071821c660124d6875cf2ca0513d8ff004da0952dc1a1af2fc231ec9aa62add15a2c08c40919d0d4ea0c3265912e787ef28f9e12fe91620d6ba11ea23aa9455a13519561ab24eca56562ec892a4962e0ee7c62c6cf60400414d1f73b9fc609448601c1071748950b0d46d7d2b0b9e69be1594e4ccddaeec424a92134a6a77fe6608374a4e3387de15cf3ad62ea7a5249cb21af3104a82424c5bd54e976539b3386eb494b1486a7a06fa4102e596e4f761f13e5cd27e9160998326897bdf7b931fced13d5c8fa644db19fab51f0c2877b4fe5ff9c284de5f7615b32055403ea2084a784535fa412aba567129253c0438720f83e7e712d9a503c2ce1f5561e4e54c63d44b2c52b4037c582d924035c24f31979b45e77459b9f8e9108958464c03b32d47e622c2421456400f4049721b2dbe51cdd4e6be45ca56409b2b07cbcff0889384121e0fb4cc4a41724f888afc4eaa3b3728cd06e49b641b326020b694f58944ca81cbcc8853242aae766ae8fd224420f182ee90effcf487256b80911afddd3d3ac56ce9a7ca25b4daf85bf3f9fc23b77252ba770261d7ed1693d592e7d21f871b28064625ab0a4124ec14af44827d23d0fb1dd959ae14509342589396c44cb2299f929e15ca92e94cbbab1a4d094ce980258d49ef929df48f48b914b086166129a95998bc8b5636cf1ed34e18aeca04dce10e552c27a247ff0092627b22d009097a8dbf13075f96f52431203e82bffd6633d2ed80104e2f1425bccb469c51dd1e4bc92db2e0ba4e0caa3c07d44168928296c4ad433a539f468a536f48f84fec8f9983acf793860de180fd2173c52f6191c8ba3cd2fdecd4c131452497258609ebdd9d425907c233e6494929550e26f755bb6a1fd23d3af0baa5cd25d535cbe7689ed5cd8256008c65e970994a2254a98a0082e944d50a1d0ff38c39f034aca74d94569a3679ecda73020ab314293c4efcabb66c9301de04a9c355cb8d8ed5896eab4e10c480798036d758cb149c6980aae8bbbb6ce1c8ee94722092a029ad500520997612e0f74860d52a3f2689ec379252138960d0d2a0310395622179cbe7a681b95498bd91b34a8c52197a59d610f850323415f58a99d2543092a48ae98b51a801a2ead4b1353924e438920fa82faef1c976196708eee5686b2f90d7154d601e24c5cb1dbe0cbc8b592554d357dc6f12cdb59c2a3a03e917b6cba9618a6448271a681d882e0b85123fa41b66b32c2bfb9979d7084f4393185bc2ac5fc3bb33122415b302497d86a3a9f48b217728391872cb889cff00d023472d2787877703cf3787cd96540e1087a8720bd7c6096343a3a748cc7ead3f127c8ff0428bfaf2fddfe28e45fa68bf44cfd9ace9ee84c01295b32cab13ad853bb74b7882d025992004909c24b90487a1c8e6e4337944966968561230d1f0392e58b1e104851d600b6da0a1606353640048f774e99987cae4f6a396ed960a62f471befe1b411605d14324862f957229c4d96542603b60c21942a1c51c546aad5e1c99e84cac33105e9858971c5526bf4de33b86e8923115b663bbb17e7f406b024a4b106b91af837a432728157086727f3f589ec5659b397ddca4f78b67c20b5399240feb0c8c1a5482dadf476d0c092ea735cff0a40f69b48412057877c8f5da3408ec25e53406b3840dd53258eb92896f083acdfa35b59204d4a0bd14a169c2c3924485546c4d7943b1e295723638d99eb86e316b71ed48965f890701387e200cc05bc237165ec7595080ca5288d533a6a479266308d75d9d8db1d9d8a244a0a01b114b96ea4e7135f5342118800c9d2b9f411d1d34229d5725e4c74aca2b96cc842b8024695cd9f726b96b1b1b0b147def161f28f3a93da09ab9a132e563512e00590cdd4308bbb4f6b2da9047b0281dc9247a00fe71b753826da492faa17a6cd04bb7f465cde29960b3134d83f998cadee40f702c7faca48f22f120ed85ac9fb4b1ab0eb81339fd12a102da2f8b34f27bc976d9646f2dc7a07f480c786707cafa723326584d71dfd00e75b5696a0a680882ae9b6294b6eecbff00b52fc815307884a2c85863994dd2b0dd5d01bce2aef5b6091301913410df75429d635a519ada973f332b7383dcdf06826da4e320a548e470bbf549810dca89ab18e5ace75efa706d73c458728cea6f798a3c58d4772a34f2221a8b7ac17e3f154c1f253c2a7a3b54c35aa405dadbb25cb5b4b41401ce7a8aba629490dd14633b2484d43397cc24fce37536f19935180a2661a82506683fb4e728a037626a0cd3427df5b3756498e467fb3b2c79886f3c64ed1cb3da143202a32c3ab519c30ce1b26d24e17c8d2815a6cc5a029928a561299b2d59fba496a64a2a488965cd5061cdfc722de5d691cb76bb34a997165b41c2a7c240d3117f534cb7894de331250061296ca875157cd99e29a5cf5e260407cf6d6b43489556f2c92c0a81639b3533ad758b8cc3590ba4db642ca412a49c588009d43d7886f169267339607f39c66d37f4d40494a134c890a0d42e0316f383ac77f209a9009f893f78d4d4a8d20d493190c8bdcb942ce80ff4ce240b2e47cb9ef034a9fc2543201cd0d03d622936e4825d4973c9b225c572ca2c76e0df663f1aff0077f085027ebd95f1a3f687e11d80b26e465ef05042cd5dc3f810ef43cf51e51058ec84044d5b149270a4bf1316357000eafd0c4178cc05742f41b6a32a44bdeffe993c408c65831746a5cec73687d5247222895724a9603a5892c3124067d545923d203b5a0a5584941229c2b4a86a7de4920f9c44801812a718b9d40cc076fcb40f2d49528854c4cb0f52a0b3e1f66951f9432115d16a2132d3c555a139e6beba8a4697b1b71489d34267cd9a7bc2401256c9586a05aa877c8c65d489085029b50584d710973135ff00c83e8635572ddabb58065215312285496249e60ad207830a476f45a4c1920de4697b72bf4b11972e48496c57f81afb5f61aeab390a3dfa3a4c9c072aa07c8c5c5d97a58e584cb953672ce4314cb44c26aeccb2c4c798db2c12e4a8a57327a14331dd229e53e23b4def3030976cb4a80d145486e8d314f1b61f6441afbb2bf9d52fd3f727c7c978a3d96d7da2084e2f67b4b0a7f747fac65ef3edd5954384cc71a14311e64563cc675a262eab5a97af128abe661a850f85e3561fb1f1c7993fa0ac9af9be8d54ced33a814ce9c8abd521407405463bfdb49f919f348ff0e0967cc24b46584ce4de50bbf3f90236bd062f28ccb5135d337361ed8a3ef5a6de8ff748983d653fa41b61ed74b015de5bd6a7340b94e40ff6cb0f1e6cb9bca222b119a7f66617fc5fe874757917f1ff00b3d2a676aacd5ffd5aa61d009450fe60c67efebf5135b0cb66d71218f82522326efa08602366f381868716376aff009fe0b9ea27354cb616d6fba3e7085a81d00fcf48ab50d8fe7ca2cec779ae5b132dc69899bd130596292fbabf61715cf2c92ce54b2c01537c209fa45e49b1ab083ecaa57fe440fdd5c0e3b472cbf0e13c94479708890db66e685ac8f8555fde6f9c73333c92e36d1af1c20bcd9537cdcb395312b97639891f7834923c04a0fe715134290405054b207de74172680626a811bfbb2d53964a496d9d2ffbd818c0bdaab70969c2b54c428074a901241ff6e20e3a88e16a34a936db36469ae0c685e44105c17ad0003847cfca08c4549464e9a642b9ebae4738a79d6c5cc56252b11dcb0fc20f91846a5c80433e674a4736514ba212cc0483c6484d08ae65c07072826ee9e41628150c1929008f882b53f8443ddd0972680f910eeec75240852c259246854e0b26b4d2ae3c62a2a825c1a59968504be1516a0000f46303da093985e4d54bfc55a11a98a6b3a88c5866e1700b1c803e2209b0da494a5e60268087c9aae6b9fa3c32ec76fb17b2ff00a3fe03f84288bdbffcc5f99fe2851368568ccaa7d4d738924db9210a0560ff00876e60e423df6efb86e89a8c726cf655948ae042497e6935f0306dc2a95f68808404a58818129605e8cccd48e8bc0e9df83328f2be678f7627b24bb72870ac5981e29814804123ee85038b47a08d65aff46577c850332d16a507f749480ae44a253b74222cbb49da1549983d9d48466ec0613c94c4827a318a15fe90ed6581c2dab015f3ca37e0fb3a524a4bafa089ea611b8f93b7ddd36097fdd49920b64aef2adb1273f18cacdc4e74e40e9ca2eaf7ed52e6b61514ee084fa6714066bc77f470f4a14d51cdcf2df2b4370473043bbc8e77b1b7d54276b3825c3c08e254740fe11dc67449f289f1115e4a706ceb43540474051c81f288c93b447aa891636716d11284489557278e5a271e9cabf5844f50db1b1811429603d72e4df583ac1303570f88ac1d2aee4afdd212770ed18e7ac516d31d1c4df452ab0e855e2d042960b1031366e803cca4d7ca26b448295b28823c7fac59d9bba70385b9803d5ab0b9ea555f2cb58ddd0259425e8123e209707c944c5d09167527299fbbf4789649b32480152813a38ac1369b3a487480dc927e629183267dcfca35471d2f0c6dde0247d9cc9e0744a87a878e5beea9339d7365266adaa4a0216400c06271a6e61d22d0b50025265d3e20b47910982a5cf5e4b4807fd519f22dddfec3a0d5188be6e892809eee4da6512ff744c472752564a7d7a4541410dc687cbde2934e4a01a3d3973c0069eb189ed049c6b3c6a1c9c91e00fe319d68564b6b9f974064c9b4ae962692fef1cbdf49a539c109b6290ee815cc63032d80ae5bc56a6ec5bd0a4f98fa4106eeb48af744a770127f9c64cda4943ff392fc6ff444864bfee44d3edc85fdcc24b9a31abbbe9f58885ab08206a00fc4d2235db6687c496cc174e1a53610c933e4a8b4cef0134e132dbf79bcde32fa726e98edde4770f3f585165faa64ff009de567fe38e43be1b281b91026611c40b1e59c304e3a18613410c68f65ea9cdda106d2a39925b72f0c54e3ca238515ea1368e130c77bc86c28af55fb9369d2a84935ac34c205a05e46cbda5aca9c91910394765cd015c2c479c072ed60663ca1c99b88d2919e4d86916f32d03325b93c4066bd1fce161a54831074f9467dc336850b312410c47511692ec129619401e86295168980819780f2ca2eacf249ae14f90fa4232ce4bc9a31462fc08dc7291ee950f187c9901344bfa410bc4cc40f0884298fe1087926fb63b6457481e6dd32c9c47139e66079b60949e224a5a95a8f94193af0402c5c1e693015aada90c3bc1d29f230d84e7ee2a7187b035ad4801fba9730742e7c8fd2039d6fe1e094b96774ad63d20f4906a086da9f489d3eed634472eded08706caa93785a121c4c980eb5a1f5872efdb4eaa0aea0181e79388ed032924886ee52e5a405b5e42a6df338d0a88e83e91c16ac4cf53a922be9104b91ae31d0188a63b96a4126bc14edf6696ec9325c1503d5cfd634e27a52874a8611b88c2ddf6b500323e11766f16431450ec7e863166dce5cb356171483e64f512e0935dd27c18c2996a9784f7b2dc7ff00139fdd77f0114e6d08201c446fca2617aa85429c406d6d05b92611ed763ffa67fe25ff000c280ff5e8dcfe7c2145fa522bd4899942e8cd0c3132249292b00e1199d2239482ac846fdf1464a64b24509da1ebb3ba4ac518d7c7681d6b21d34e70f4ce253871003c216e7ec5a8906287084501f30dbc4a9294d5c18b790ada3420c3d286350f104db41d090219de6f02f230b6961df006b41b0022354f1a10de1008444aa95b880dc5d0709e1bde102aad0a7e151fcf5896cf617ab81e0f06aaca006c441e50bf5120f6b63ecb6c5015597fced044abc9589b197f18aef66ab153f856085a122b9f3853a61a6d1626dd33e3f94472ed2ad5758af9d67c887689148c21dcbc5705b930af69513563f9de20b5db12431964f3a1804cf502711ca03996b2ff00ccc363116e410a44b2684a7ce20b45a5692c145bac4dede3548315f68980a9f283bf7290e16853bd5e08b4d9e721216a96b4a159120805c3eb10586d38264b59a842d2a206642540967e91a4bc3b512a64b9a84a2603312a4b9090f88820ac85176c875396515bbd83515e4cdd9d0b59e14ad47fc209cf2c8723e5094959c92ba3bd154c3ef796bb4585cd6996891680b5ad388c96eec80b2c6612c090e051fac1b36fd4154b9cc4619b3541214972f2e5a1217a805b88b55cb45ef6451452a0cf340959a055127ddd1541973ca254db67a920042d40b3109517724066cdc83e462de4f69d014b514cc18948994c059494849407c901b84e61cd205476878a49e30996178929c2c54b52c92127848653540d59a05bbf0170bc95abb4ad2e149524e44170c73620eb1cb2da98f12940727892f7b5a26ccc490a096486275019d9c848e40b08151241fbc07583f0032e7db64fc47f7a3915dfabff00cc97fb51d80e3dc9f81652ff00f6c7f3bc0763850a0d74ff00c82fb40c7de31142851451d10930a145119d5c2da14288c84caf76249bef0e90a140308b2b2e5052e14284bec6ae88266621968f70f511d85110322c2c9ee4056bfac285123d952e8a9bc73302a6390a342e8589510af3850a05851391d850a220851c850a2c82850a14590463b0a145a233b0a1428b28ffd9', '2024-09-01 20:30:43.863865+00', NULL, false, false, 1, 2, 1);


INSERT INTO public.posts (post_id, author_id, creation_datetime, description, content, are_hidden_likes, are_disabled_comments, likes_count, comments_count) VALUES ('32b056ea-536e-40d3-acad-d39b86906e9f', 'a5a7e3c0-15ec-435f-9619-4db49cf3b87d', '2024-09-01 20:27:40.798381+00', 'Ładne widoki', '\xffd8ffe000104a46494600010100000100010000ffdb00840009060713131215121313161615171815171518181518191815151715171815171515181d2820181d251b171521312125292b2e2e2e171f3338332d37282d2e2b010a0a0a0e0d0e1a10101b2d251f252d2d2d2d2d2d2d2d2d2d2d2d2d2d2d2d2d2d2d2d2d2d2d2d2d2d2d2d2d2d2d2d2d2d2d2d2d2d2d2d2d2d2d2d2d2d2d2d2d2dffc000110800b7011403012200021101031101ffc4001b00000203010101000000000000000000000304010205000607ffc4003f10000103020306030604050401050100000100021103210412310541516171811391a1062232b1c1f0144252d1628292a2e115233372f1436393b2c216ffc400190100030101010000000000000000000000010203000405ffc4002a110002020201040201030501000000000000010211031221041331415161524271911422a1b1f032ffda000c03010002110311003f00f92d1af7902f1c8c4681969169e6a8ea995cd92240dd6806f7235fbe08629383ac3cef1b8cc8eaa8fa4e6ba1dcba6923d10b36a7a5c36243db26c778e1d4ee457059fb05be234e822db89b6f83f39ecb5194ad20e617bcccdf92eec73da3c9e765c7ac9d02caa722210ac0261502f0947869814d5c31008a9a2abf875a0c60e098a7869d101d2b328619199845b0cd944ef1e698a1b30cc1091c914506656176766312b41bb2720b8eeb4a8ecd736f979a3d4ac32e8a6e4df82aa292e4f3b5dbb9a14e1d8d1775cfa7926314fe23a24984cd93a5c1372a63f57101a086992786e09065224d9baf9ad2c2608ef31cf7ad7c2e1dad1ee893c523743a4e46350d9fc667842d5a583b6856860f06e9cc5d1ca16c318d8509cd9d10823cd3b0a47752ca016d62681dcdf3294ab4204b8c720504ec2d50a963342403cd0ea54cba8b71fd9455c3b209173f7bd6462312e369ec9e30d8494f5356954de2dd5298bacdd0803a1594ea8f88923b954a6d24f15558a893cd7c0f788d1a049577976fb260523082ea33bd3a4847210ae5ba0b94bb6912745a46846973c00476606a9131947175be69ac4a6cccab80801d9841f9ef085e080bd0617054eec7d50736996f07aa8182a4d3018e711c4c0f2086e36879fca4d805718371dc4f65e8439e2cc631bd1b7f54b576bcfc4ff5fa04370e863fe05dfa5726dd4c7152b5b351e4abd3a79438572f032fbb92e00bc127bc6a8b46b537cb4eb9a00f7580340304b802379d237ace634d8071f7834bade5bef164c60b06e3572160711f9492d16b4cd8eef3b2e6bb3aaabcb35f018575475880d8137241bc019cdcf0e0bd1d2d9c200160200e8b27666269e7cbe196b9a21a2f1038181235d674dcb49d8872e9c71e3838f24d5f234ed97cacb86c8de05b85a7b2ad0c791a95a54368d322e2eb3dd1968cc8a9828dc42afe18af474aab08b4774d53c3076a07a043b8d790f693f07931863c13f84d9f50f0038930bd3b767b3979a154c10e3db543bb63ac342987c0d36fc4f93c85bfca6a9ba983bbba5aaecd71b83e661235f0ef6ef1d8a5a52f617271f46e3b1ac1cf94251f56954912184f25925afde0aa0a67810996342bcafe0263b64b9bef039c714b61709064a7a818de7cd1e953cc6e6135b4b91693768360a9378127a596d51c35ae23968a982a0d03594d3dc00e2b9a6ed9d50548b53a638052e0469f2546e21d10a3c37bb7153a2898be2713094aa18e33249f4f25aadd8ce79bd8773fe1199b08379fa26b8a05499815e986d8b7a69fba431580a8e32187c97b13b2d835c83d556a1a6db17f66b7f74633af00942fc9e19fb19fd3d51e8ec2817700bd4547d3fcad3dcfd020b9e4e800e807cd53bb264fb51465ff00a5530d9361c5d61d86a52759d87668d2f3cfdd1e5aad8a9812e1ef392ced9c06e59497b6671f8463bf1f50d98d6d31fc2dbf994aba8c997b8b8f333f35b6ed92e3cbaeab99b1da2ee7127804dbc509a49990d6c68001d1335c1753151b262ce8e3b8ad26e09bf9584fdf14c51a41a087650d3a89bf2291cca2833cabd8f3cb920bb0aedebd1e2a9b5b62ef21bb719493a9b4dfe6532988e063fe10715cb55af02d23c87ecb91dd83447c8e8bce998812257a17629ad7d3aa1ed3ee8a6fb89223334bb2e849113ba34debcca9739413a3a2514cf65807d404937b1bc3486b6dc05a4f9da354eb716d2fc862fa11706d27b6abc437685516cc786bbbbad8c0ed9617e6a9441de3c32e6910d00686c207aaac733473cfa7db93d5780acda2b5a8609ae682d982045e6d1cd13fd3c73f2fa855efc483e9e465b41dd647655704eb7027711f2f45df843c11ee458bdb92230d8a23790b4a8ed368d731ec3f748370cae28256a2ca4652468f8949dab9dd0ab78407c31e4906d128ac691a24afb1f6f946952a13ab87452ec08290634f14dd177ea71ec3f748ed0e9a7e830d9d4cfe50b8ecb6cc367e68ecc4306809ea89f8c70100347449b48a6b100dd97527701ccc7a26a9e129b7e32e77fd418f32a8cc53c992eb26d9b41a6c67aee4b2948a4544e655a434613dff0064d61eacfc2c039a49eda64cb2a44ee2d3f4098c3e1aa6e7023ef9246ca2434e7902494ad67b943e8ba7de201e698a7841a907a9b0f3296d0d464d4cc55460dc7f295b62ab1bbd83b827d2555d8e67ea3d9a9b762e88cf66cb3a980aff008568de4f41f5457e2da4d985dd50dd56a1d21a39093e8b6ccd4bd106840b3239b8a4deebea0741fb235404eb27b8080197be503ac9f445315827b46f93d6c97a844fbadfbee9c735bfafc87d4a0d66d2fe23dd14c0d0955ac7f501fcc3e490aa1a6f9a4f207e70b55c298f8698279cfd54f8ae8b31a3b23bd034b31e8d27540581a438025860c1e2dfd92efd9d548bd8725bedf10fe68eead5d81d727af09e295e6682b0a9793cd37679deef9295acef085b305c877d87b08f84e404133a6eef0a0337a14ee362ae0054a05840d4ce0aa647074030660e87aa464a353a895a61b47d63d9dda34eb529602c0db169d1bc2e2dbd6c0615f1fc0638d3b112d304b77123e1263585f43f66b1152d9dd25c333800e397f48971868df1c4a5964a13b57e0f40d69440ce5e8a28b8112881277907b4c8c9dba2914f9f9807e402bb4ab82b77507b7228da5d3d42bf823eff00f0ac1582ddefb376be818a6ae29ab8446548fb2b3ce68e104da6897e28a2a7deaafe20dc3cd23cefe0aae9d7c81d755395582b808bcc82b0321949bbdd1d04fec8cd81a349e6e77d042a06ab06a8cba88af65e1d3b1d6639e07c63a06cc772151f5d8ef89998f1b8ff00f4821aa0b54bfaa8595fe9d925b4ce8d70ee0a90c0347798ff002824282155674fd92785af430ca0f370ff002b7a008a03e20816dfbd24d711a227e21e37a2f2581428eace1a65721e4a7b819ec89e23ddac7a2abd806a87792f2cdda6df0859f4413c3a19437d0039f9ab57c4b47ba26502a624cde23a20f3fd8560fa0b51f1ba3d124e25d24c0037994ce76dede63e496ab7e5ca54de5e4a2c5c50b56acd161e703ea9475571d74dd7fa26aa5268df1f7cd2551cc1bcbbba0f2d8cb0a404e1e6e5df3fdd4a03f18d9509b6903489f217b4ce87b8524127ec59394e4c869bc69bcf21c54824f6dc479af50f305836471504109cb70127791171b811d9168365b2e024cc131074904eef4403e44db560df4dff00e17bfc07b4541b861498e68786d8381691ff006713ef1e877af161b4c8beba11a8e323f656fc0026c267e133a9e13b8a9cf1a9ae4a466e2cfa7ec4af532667bda418b02d21a7f48216a0acbe4187cd4c80ca8e10f6be264676cc18f45e8b0bed63e467693acc38007dd03e1cb6d09d752571e4e9a7e62ceac7961e25c1efc5755af8f6b1b99c6008bf5200f52bc67ffd7b734961c903482ecd264ccc444216dadbf46bd075305c092dd58081066fa8dc14561cbb24d705b6c54da68f7e310159b880bc2ec8f681803fc5ab9a5e4d3018406b37345b72d7c0ed9655cde192ecbae96f329278f345d24347b2d5d9e98570aedac179a7ed8a6d305d0785a7e6ae36cd389cc638dbf75370ea3e18ebb1f923d28a8ae2aaf3b4b69077c21c7a349443b4a356d4ff00e3729b8f53f8b28974ff00923d00a8ae2a2f3ecda9c9ff00d2548dacdfe2fe92b9e6babfc1958ae9ff00347a115422b1d2b029ed6673f24f51db34f88f25e7e68758fcc58cdc3f4b4cf4587c139c24169e3cbaa156611f94f6737e410709ed331ad20117fbb24311b699f5d34ee97fbf54b1c65b7bfa3954326cf6f01cd55535d65d5da8c3bcdff852c769b78bbfa55b1c3ac5fa5ff075a78bdc91b7e30e2abe3b788f3588fda03f8bfa508e303ae331fe55db8e1d53f3162b7d3fe48de35c2838bb45a179bff516dee6dc954e31a6f0e3d895d4b0e67e51173c0bf5237abe2e99b5bc92efc53370f9ac47e39bcfc902ae399c4aa2e9327d8afa8c2bda369f8c1c40f9a56aed21ba4aca76299cc8e204a054c6b06a4f92ac7a47eec9beaa1e9a1dc463c9dde65215b12e286718c360652d571ade7e4ba2382bd1cf2cd17fa8b3aa952957639bc1de4b95bb6fe096f0f93c7b1822622e208d0723c119ce25f9b349b4cdbb83174ae47c1cb7035ca4f996fd556917b9d01a49dc0024f601741c9fb0dbdb2205ef13711ccaea8d34880f32388d6791f2f30a5d56a34e57032374c98234e4ab4d843a64f76b9d9ada100764066922b896cc39ae91cc41f2faa9a4e7ce52440b90645f88e699a744932d03293f0ded11c74576e188249b6b041cdd016ba5635006d76068026778816e107ce472541519fabe9709aa95b2c39ce91a406083df71e6acca81def0639a009be91c4f01cca01a5f251ad691ee982277dafcb5f22a5fe186892493b81b73b1d155f586827b4a4ab033bcf5ddc96a0d9a1e2530d2eb98d075882447c92746bba7f534fc4207bc398097635d7b14c615e41b5be9fba063d4ecea146a558ce038831398177f3030444db52b5f0fb1ded6bc31d50df330b2bd888b4b5c0c13c34b2f0ccc38248cd04f94f08dcab471b51ad39496f39822fb8a1e0671be4de63f152055a5508cc61c5a1d01c2008d0f64fe270f540ff8b3b438669653263796b5be931d74585b3bdaaad4c82e7bde37cd4769d0982bd562dd897b03e9baabc9048ca2ab4106edf843f71fd4b366d40e1b0648ce04189834b29127702f00f9a6a99c48d29b40d2cf39bd3491cd218ada35e83699a86a1cd9b378949c48023e18709d4c17477d04e1f6cb6ad40c6d4a4647ba2a07b1d98fe5b9813a0cb3d92bba1a290db31958ee745c7b95293a1c26466dc795d34ddac5800752c466dd66bc471f70413aaab366d490e751a4e8321de29806c6d9801afd11714caad69230c47fd4d23a5e7e2bae7c8aceac6d21ba5b66934124d700ea0d2b70fd3637e3b90aafb49856803ded46a6fce0c2c3c0edac46b55ada8cde723a5b123e2a5309ca7b45a6737b9027fdca750c8b699b5bf29508e3d5bb5ff7f05a59365c0ebf6a611d25b520ff0011d77ea04f925e96d0a64ffcd4437789a9263493a7a2c9ad5e8b9b1525c413114290247468988e23722616860ea694df2006eb94199f7bf2c15d4b8f272c95f8ff0066de1b1d8698755a5fc3ef54b01ba4881a2bbb15867191569189d1c34de48ca5623f0b8168233366f6264f4cce6102fd52630348bce5a6da8db19ff6c40201b0907cd552fb22ff0063d461eb619e72b2a539d3dd699ed6bf6477e1c41b8ed48dbfb42c0c2ec7c3384e4020892ea99401c9d0e1c6d298adb1e990436b911a439c5a274f8604f9e88a26d7d06ab84116aafb680b1b07b3ae93acd21d67bddc5a720ddafba088eaa8cd8073c7e26ae6d65afa801e8e7070ed2b570db36b36c71154ff00335c7b9f0d3ed44f4b31b126a44e6646e199931d0b77209a3537b8b9a7802e33bcfb910bd39791abdbcbc40d047915192a8167d2e56fa843b943768f2d8ac369eed48e8e007191726dc5226a0986643cfdf9ff00eb0bd2d663ddf929bb71734b23a1077a5aad0804ba891c3df02dc83099454d0bdb679d7bdc0c401fca572d0fc031d7c9fdcff590b936c85d59e52a39ae39a992d3bf8768d1314dd682679c913d60dfbcacff001403733ca25168d706d2075b0f3d0215c0fb7363c2988b5bef8223295aeecdd92f94830401d0faf3ea88debebfb220b0ed0374297367f37a042754d2d3e5f52855694c82e20764036362982266dc677aa53a01a490e224106fa83a8d15b676cd7ba45397c8b805a4c4823dd17f245a987734e5735cd3c1cd20f9158c6663eb6510d26faf0fb95a1b1cd3aecf01d6aa2f49dfacc5e993cf74efeaa0e141d5be85453d9ac06620f5720da1d46448c3340b0783be0c41d08208306db92f8aa551d102237c093d6355a628b4924b8924924ef24dc927aab8a6ddc4f9a57343ac4cc3a783a8485b387d8d59fa345f896a30ff00b7aa668f193d8a4dca76f83a87b2b50fe469f2f9af4985d8b59ad04b5961a120c002dab5df67924b0b88a4d69739ef000261ae1781b813a951b2fdafa4fa8d6175561261a1ed064da2ed93360117c89e1d1a18ed978834dc05514c18249c90c1be3fdb6fd35d521436563a9b21b529d52342e96922dee9735c2473bf0d34d9c6edb653a6e70767f0c39c435e2600ded741f45e299edde20bbde0dcb32436c6386633f2f249c8eb834767ec9736b66ad86ae1b064b6abaa0d24870cc4b9bf7097a9ed6d31fedbb040324cb4bcb4c1b7c3963768bd8ec3db34f10dccc789fccd312dedc39ab6368beeef05ae804801e24c0d00205ca8b926ea45945a5c19fece6070e5bf88a345cd2662d044d8892237e970558fb36f2e73aabcd4b7ba1d4a9fba7ad3845d8fed2b5e3c2a94df40ee0ea7624dcffb93d22616955a648104cf270dfc9d3717dcb977c91c8efc16508b89e371becc653969bdc1c6756e6681a417082deab33686c1af4da1c09ab16812df2249b7ecbddfe1eb0d0bbf98b4c790097a942b9f898c769330645a6d94f0f40bd086538e78e8f9fb4d70067a05a2e2e489dc600d7b04b3b6b536d8364efb913c897098b705eef194864cb530af2d3f16592dd352d0ed39c2c1afb2f0350434b1a779ce6475b9e5bd554ac835462d0dba1e5d2c8274bcb62d232c08dc996ed5b801acd7766b9dd698f345c17b3b4438cbc3845a0827ca6e6c98abecc332973099ddfe41d1523aa4249c80bf1cfb9b45ba13d447a15cec4b871d247fca72f7275e8b1b1342bb0c10f244dc131cf4d1029b88f8847507cee9b54c5dda3d453cc5a5ee73a40b8265da481948cdc3f648d3c7b04c56772807d3793a705985a5ce1949bddc740278b8e9255b175e802335cffed83fdcf71127b79a5d6bc8db27e11a03698fd4e3c4e778308e2bbc186d43a123312eb448b9e456153c4e18b81f7db7924807c8491e70b5ea625951b0c304968066e434010e3985b524724926eca4526992768d61f98773fe172429e19ee198100198cd51c0ebac415c9bfb44d67f0628c30fb2aedc2b79f9a804f0576bb9261023191172638eef4479e482d456c201a610108388c39708051da5a8ad7042c75033a8e0aa820b75dd0616f9db35df4bc3ac0b9cdff8df7ccdb8904c5c11bba24f3057f19b1f110785e3d12b6c6514bd86a75aa1fd5da55dd8b2359ee3f7596fab275ef746a4d9fcc4a5d10cb2b5e0062b6b54920081c62ffb20d0da8f6ba4ba78870041ec7e89cac634127ef824dd8da9bbddff00a88f5469215c99af8aaeda94daea5ee3cfc4d8902df131dac13b8dc712a985a95c58e4737f8ac7fa8007d51f0f8f6d4a4e35185b54465735a036a49f783c680c5e4210a838fa29dfaa2c97b6c306ba6406eb697eee6b4f0bb40d387786c31bf35fd0ac70e1c90aa54416cf819ea959ec4fb49e2b5d4df4416b816919f718d67bac6a9ecfd0370ca8393483f52565d2cdb8c2d1c2632a33e16309e2493f58e08ca4a3e011c6e45a861b0141cd351f581dcd24ff007060903bdd7aac0ed1c181eed52d06409aceca6c646673a34dd2be61b66b3ea55754235234d200004794f74b61f16ea66dbf50448238381b1493c3bf2d8639b5e28fb5d303e2654a65a7e1bb5d1d1d9ac6fcd19f8a68b12d8361246e5f2df675e2a54cb4eb78320e6a6e0e7b5fc432f3a4f31163c30b178b739f2e26d2049f8403a75faa92e99ddb7fe0779e35c23ee42a81a347680ade20e057c8701ed55464662e3d0833d43e40ed0b6301edd38bc07b435bff006277ea74fdba2af65a26f2a67d18b41dc93c5e169989a79bb34c5b5bfd12b85f68a93fe1a8cfea163c0899053cfc5388b41f28f342a8cdda10ff004da778cd27f889f4748f44176ce1b883cdec0491c2411bf7a76a5675c11d6dbba2cfafb45add6dda3771d2624f64e9b26d213ab823073324cfe4a8eedf1c794acdab82a4d702e354177e5730bda2da173411ebdf45a0fda60986b87d3e6a871663e207a1fbf38544da26e299e476ed305a1b45ccc972430882ee2e8df11bd79fc4b1d3a6eddf35ed76a8d48a40c4e804cda645b7702b0f134c105c41681a970200e1a8971e92aca9a24f83cf22d3ac5b70638a65f5a8ce8e3fca04ff0077cd1a89a2ee00f02dca7ce483e8b1ac546349d495cb4a961c1166ba27f438fc97220116a90555d0ac1258f45ba18e815c198e3e5dae8195c74207647a5689bf6418505a7524dc473b2239c38a09a8a5a161ac2f887729d774a8696715773c458faa166af92aea51b9406a883c4a2b1e37c9f246c0959592a7346a077fa2e6550d25dc6d1f9639ccef8ba2bb68b44fba0a4937e9148a8fb62d576835bab4f4063e72834b6bb819c8c23838123e692c654974c420b0a7a26e6cf5382c750aa08a8df09ff95ccf8277666926074e3ba1031145f4c804483310eb1dd20dc1bea35dd6582ca90569ecd2f7192e21bd63745a41f929ebadb2aa5b52ae471af773fbe854baaba353f7dd15ac035713e5fb20d7ab7808469b292b8af25402aede88398f1520aa9ce6cec9da2ea72435bc05a2378d39c7924b11498f71739a277c6927546a34c01044753bfa425f10c83eb6fbe4a1069cdb3a32c5ac68b0d99488bb4cf10ba97b3f4a65ee731b204ebac08b0317202b51ddaf1b1e056861f13702dade674e5e96566731e8b03b328b1a0343a401ef0264c0817d0ff94d3ada175b49bf331e67558af7e6101ee6736c719220c8ddc136ec4709f3bfa9483d8e3710e6cfbc38df36bca3a2531359cf26433481be0917246ba7ccab0c5ceff353f889fd3f5f92d485d84852874ba982394cf7bdf76edcbc96dfdb188cc583fdb68b00c316e71057b67d7035cbf2f52b3f68e0a954f8982788b1f308c693e4d2b68f054b6a551ffa8e3d493f34e3314dac030d397710401a73d16a56f66e9df2b8f713bf924f1384a9423c3635e0eb633dc4fd156d12a667d5d8f7b38473237f9ca5dd80ca7de247385b786c535c3dea643b81cc01ef707a428a4f06416401d083ea3e4b59a8cd661b8551e63eab93bfe9ed75f29ed2b96b36a658e2ac08420428ce101ac603d44a1b2eae6994027661c514571086692b3284a3c193654d41a280e45fc3ab369b46f42cca2cea65d1f494504ef519e3404a1bb150620fdf1406e1047a03c292f2a33a6a11bb00fa53aaa8c3f346355a359ecaefa60b4398e9e23423a715808ad1c3dd38d2776541a2081707d112e6d94247c968f08b3f11162e13b871f21f34315173da41b88ed68dd03cd5731452424a4db081dcd1e85324e878a55a4704c50a5d638498f2ee7ccad2f01c7cb341af77042c549827a2a876e13f7d54d771cbd3928c3867564771675275d354eaacf6b91e9957390d4a15c714db6bdb5590042236a7029682697e23a1ec0aa9c53780f203e4167bab9ea86713d93242366af8c08d01ee7f756a75b744742b2462071571885a8098f97c59d27b08ed6f9aa9ae38ff006ff959e7107ff086ec41e2b6a6b1d7869e1d3ec28149bc123e2f55de28e2b6a1521c202e4a78cb90d46dcf260cab80a332a809c98774b4c2b8ae96532b5076632312571c49e2965216a46d98c8ae54f8bc900156ccb51ad86f10aaca1ca9958d6102a199b1b2837532b009cbbff746a6237c2134ab87a0c68fc869e6173aa4216750f725a1dcb839b6f9ab6642057664e48629ea9a6b9274ca2b5ea72e4be3e10e81cd11d041008238c1127b8948b5c8ad7fd85368ba60f322d37a56abaea69beeade8e3f0e8d6f1150d44af88a8ea896256634eac84ea8972f5475455441872f51e2734bf88a33a61064572a7c6e4950e5c1eb06c6c551c48526788293cca5a5030cdd72078a78a8583665429850b92849852a572c63972e5c804e95ca572203a55a542e58c4ca90b972c12eba54ae4a3120aab9cb972c8cfc159566ae5c8b1579080ab872e5c90aa2c1cb9b514ae406b075ddbd558fb850b93c7c1297fe860d555ceb9720867c90e552542e4e893209505cb9726148cea732e5cb00eceb8545cb960939942e5cb18ffd9', false, false, 3, 3);
INSERT INTO public.posts (post_id, author_id, creation_datetime, description, content, are_hidden_likes, are_disabled_comments, likes_count, comments_count) VALUES ('e3e7256c-b9f3-474f-9ef7-8862ef088f03', 'a863683a-c821-4085-b7d9-ff3a0ba0feb0', '2024-09-01 20:30:04.00953+00', 'Zachód Słońca ☀️', '\xffd8ffe000104a46494600010100000100010000ffdb00840009060712131215131312151615151715151518181817181717151515171715171717181d2820181d251d151521312125292b2e2e2e171f3338332d37282d2e2b010a0a0a0e0d0e1a10101b2f251f252d2d2d2d2d2d2d2d2d2d2d2d2d2d2d2d2d2d2d2d2d2d2d2d2d2d2d2d2d2d2d2d2d2d2d2d2d2d2d2d2d2d2d2d2d2d2d2d2d2dffc000110800aa012903012200021101031101ffc4001b00000203010101000000000000000000000405020306010700ffc40043100001020402070506050205020700000001000203041121053112415161718191061322a1b13252c1d1e1f0144262729215f1436382a2b2233316537393c2d2e2ffc4001a010003010101010000000000000000000001020304000506ffc4002d1100020103030205030403000000000000000102031112042131415113142291f05261a1324271810515c1ffda000c03010002110311003f00c9320a360b114c96dcad872ab4c9491e953c5f0570e12261c057439628c812e9a155a7b8d52845abc4084b298964d9b2ca625968c8c56df713fe157df864ebf0cb9f864320d84bf865c32c9d7e1970cba391cd584bf855174aa73dc2fbb843fb0a697284265b7289964f624ba1dd2ebbc4b723786a5fa7714180b86026ff008455ba08d765d97560c77c5722aee1422300b944cdc70324b22c22ebeada5739ae82b8b5c95c5991a859013111c7704c21c360ccd7d1073641cb248dbb13680fbe2a112313b971ed50d14993058eb02fa22b036cab72370143caa5cd45776a0e6246800a58b9a08aeed7c61d10b1c0a61a816225c147410b001c435172bde15661a071495f062b74170ae38a9c15442bf46abe74342c70310b8ac7357345001ebb26f69dc99439506eb22d9da0aa6d218b9b5c0dc72eab66699649ae0d2429544b2550f2788b481a4083d41e05368441539343a94d03b65d4c4047321ab0424b981f762fee170c04cbba5f772bb23ae2b30141d05381057c65c1d4927397ed294dc2febb89c41513013774a05132cba13925b8d5706fd2f613980a26553730170c1456eeec0ea62ad1133e021e7255a4276f8494e331341b5010ab3f6346922f7b72cc74e30834d88199ad2fd11f39305c4bac97bd95462f612b59c9839728c4208b05677575dee89c9a4a7333880bdaad832e4e413394c34b8f8bc235a66e7c287668aea45215a337165ca1dd0e89ebe0e95f254c583e5f7cd1681889cc32a4c96d66c13486c0dcdb53bd5461b9daa8100a8316c568d415661947c797bece3f25539bb3a95c2b8803e1a8e822fbbaef57325b6aeb03162d30541f0e899c61a804244620d01c404b177bb033443a152e550f694b6b0a52554f2ac7aa8b4a438acae515c21153ee50b00f478bd9f76a691e897cc614e6e6d5a493ed2e80b863c6e75fa1ba31fda4824691879d89b135546d1b541f630b0def6e4e238129bc87696618455da4d1a881eb9a2e3c5948cfcfbb26c4d2839815f442c7c05da47ba7b220cc683813d1239145499abc23b5909f67d1877e479e4169e5e235c2a0d5793b618ad2233448d7420a259a6df1438a41dce3f614f228e8367ab86a9062f3494c7e6d96d3a8da6e7cd6c647b4f04868793a54f1102d5e086689cb4d3e83ceed77bb56437070041a8371c158188e4676ac0dddae1868ad05f682390005d0941d091e58ab7b576411447881952e200de42c2639360c47061a8d6769dcb733f0dd1016e8506d22b55988fd9c78356df7aca9b72bb3daa7654f6693334e85508788d00dea762d5370a77b2403beea51b02a0a801c7756bd02d6a7731ca9a4631da4720a4d80f3aefb2f55aa3863b5c324efcfa0bae3a4daca77b0cb41c8b40f89545224e084d2b2719d60d73b5d05d358980bf4349c034ec26fd2ebe6e34c86486b2dc403ce81073d38e8845450511c84c1014697a1f11e43e2b8f7824068b0dd7443610360d738ee1f019a259814c3857bb70dd91f345c82a000e68010b1a28d4daa74ec14b478dcd61d95a9f25d660cc75f49cee1401043b5b082148bdd722837dcf21ad5ccc249d5fcbe4169042850c7841aee6927a94ab10c49e3d96e8feea57a04e8934801f2ad6e6e0867166c277aa26665ceb935283311c839136cba34c8ad820deeadf25310c9564393273f9aebb6235703754e4a0f8275a70608010d142388ae22a30940b4a32391a906f7148d2423445dbd73482816a9f73b8a5058f4498ec94c349d11a636823d094be2ca4461d17b5cd3bc10bd3580abb44114700e1b08af92c2b507bde0a4798c0c3223cd21b4b8e741734464be1532d3ff006c823510479eaeabd060ca42194360e002b5d2cc3f9dede0f36eabbc605a29f06261469af662c32f68f7dba74e0ea57cd3683d9eef477909ad68f743aa2baeb5b8e0b40da7fe6b5d4f79a09e66cae8315a2fa0daed652bf34aea27c8ee4e2bd2be7e0c9c7ecbc6ccb48e1577cd0c3048f0ce9777a606aa1a1e3915e80e9b73456951bc1af9051389b36134d951eb4052371fa8e5a9a9f42666707ed1082341f05c05751269c8ad3c8e3b2f15c1ac7d5cec850f44bb126429814871745f5b35e34413b34a9f14866a4dc28c309ad734ddc2ba47cc8e8a4f50e1fc0fe5e8d7ddde32f9beff00f0decc4c3594d2a8adab434e675294388d75686b4dc697df92c0361c615a447df3f11bf9a81efdb4a4588295028e70a579ae5af85c9ffac56da5b9e8a5aa0e68dcbce65b149a83ec447115a90ef10279aa9fda39b0f2f310dff2d068f214b2d11d4465c127fe32a27ca3d162c6033f825aec519a5a201dee03c238bb25908fdb18ae1430d95b826fe435247398a457e6e34d9a93e573a3a6c57a8f428f8a4b31da2f8a01ceadbb7990159071d95366c4049dc6a7c9795ba29deb9df1558a16504cf5799c4656ba2e7b6a765e9c48c903352f2310d34db5da5ce27954af34fc43b55945d15c7325512238db83d121e0d2b5a43890f489a7b4dadf200665170bb35085e23413c579735e46b56c59c88e20b9ee711917389238125363f715b91eaae93d06d21b5add96f5297b70d8ce755f14868d845f95162e4fb4d330c50383ad405c0b88e17f5aa678776be3e4e7431fa9cd34ff0067c9738b47263bc4741a6cc7443c0f952e9746871c8ab9ac82ddae343d333d11f03b434a97c56beba98dd01d5ceaa0a7f137bdbe16002e49274b9ec1d52e762ca949ae0553b18b6dde39e371d16a433101cf3603954a60ea3cd34c3b590c20db805f08246508f171fec994ce749b17b70588695a705f3f0e0db39cde088989a7dc1a13bbe897365de4eb1c8fc1329129534b845ae87087e6aa81249b168087892f7a00ee3456c2c389b973ba01ea536622a726f647cf65769f20878900ec098b6583751276935f443468710d8103805d99ce934289914cfe497c47ec4e62e1aecc90838f2a020ddc84a9b1715f50ed450823ec2fb44252789ef01e36ab5b137ac537151b4f92b598ab769e817ccb9cd743ec1e92fd4d988ffa873feead64669d6deab1ccc677944c3c706f43c792e8425a2974355dcc13986792b61c943d405360269eab32cc71beefa2be1e38df74740bbccaea884b495971734f0a4da320de87e68a6c2fd2c3d7eab3707b40cd84225bda166aaa7f35031d4d2d7bf0c74e920eff000d87fd447ff15397c2982a1d0c53f757ca812887da26ec3e48f95c798751ea9e15f4edfa9fcf633ce96a22b861870685ee91cd07378034fe6a72aa6f2d34d7e4869bc498db69d0ad3529e970cb6f9ec42156ba9593665a6fb3fb22c2ea41f44a2260d7a17b38d4fc96a63e3b4ca27fb7e88577691def379b7e8b039d15c36be7f27b146b6aadc5fe7f067a1f6734ff003c21c5df44347ecd0fcb1187815a08b8f93f9a19e2c2848d8b34e7dd7fedfd13f988a5e96cd517a893f52f9ec66e2603fe637cfe4a0deceb8e5119cdc9dc7c6c30784432767763e21288dda699bd3ba15ff2a1db855beb55aa84ea4f74fdc15135cc4addd9b7fbec3c348fa35721f66a29d838dbd5031b1d9aa93df11a5b9829c053c3ca8934ecdc575df15eea5855ce27954add153ee639ca2bf69af7765835a5cf885a07b4e2181a38b8bd5f07b290c80e0f0f06e0888c008dc6ebcde631088eb12e7532d27134e4aa188c60d2c6c4735a736b5c403c402a98cbb99dd78f63d266b0896802b14c26ef7ccb41e20068aac663dda2862ac956017bc5b927f607e43791c36acdc5ab8d5c4939549ad8659a81627517d5909d76d592b0f30bed84cc23e2222348f65c058ea21c0547deea2ec6f198b33134e238e540da9d168d8013d4eb4196a816a65149dc839cdc716f638d245c5b826584e38f82e01dff00521fe6638edd6d766d3e4758d615b9c06b0a3a55c813c06adab9b5d448b945de26f263b5120d70d18515e0b6a48a021c7f2905c32d66bc2aaf7f69e43401687027369655c0ec37a73ad179c3e25330540c7cad7f86a4968f73479baa9f0bd8d84cf6c2fe0836de434f460f8a1cf6b62547fd26535f89f53cf574595efddac6ddabbde9352d196ab9206d2400137a51375eb37c9af87da9693e2616ef1477aa2db8bc33ecbc3b759bd41baf3f319ca4d9934a688aedbfa64baf10ad4d4ea6ea34573af4b714ba2107e87eab29debaf42456c6996fe2a4c8ce6e448e0688e690b2a8d9a52c1b17ddcee3d1675d3d129edba9fb8aaff10ff78f52bbc4425cda89a7edf21f256b265fb7c820584ec1cc8f82bda77307323d537850ec8aad5d6fa9fbb0d6ccbb68e815ac9a76d1d0216093fa7afd5170838fe56f5283a34fb2f628b555bea7eecb991dfb47408964489b7c82aa1b4ea0dea55ec2ef747f23f248e853fa51786a6abfdcff0025cc7c4db5e43e48b8111fac797d1510e1c53f9011bcfd15a221163a23980a6e852fa51a157abdd8d60c7fd24f103e4984b4d0f707f1fa2450dc4efe67e08a831de32862bfb9dffd5679e969f44875393e4d8c8ccd0540a6f00fc1073f1f70e6d3f2489d8bba1d9ed82dfdd15ad3d0804a0e731979f644b8adc78c1b7f20a2b4a9f2b611534a59064cc47ed1c9a47a8095c7744d4e3d1053d393a5b5058d6fbc1aca576693890921c566456b36dde0fd18b5c3494fb2127ab70dacc751e2c51993e4847c58bef1fbe4838789c671a77d05fd47996ab1f3310d8c46f01a3f2575429afdabd893d54df0dfcfecebe244f7dde5f25592f3f9dcaa7976a7942466c5f7cf5a7a2aaa50e891196a2a777ee1a60939b9fd7e8ab74b6f77f23f24b623a2e5de3baa15c228cdce3c49f9a654d76212d5cbee3774a0fd5d540cb37f575faa5a623ce6e7ff00277cd7ddec5d511fc09299d342f9b7f71819369f7ba855fe0db5c89ff502847448ae142e7753f050832510ed3d52e0901ea64f8b8c0e1c360f451385ed60fbe0868821b0d1cea1d605cf4d5ce8a2fc5dacff00b70efb5e49f2141caea6e31291af6fd4307610d8946880da8f75a6bcee9b619d973725a196a57e140b231b1b8ee142fa0d61a1ad078d054a7d83f681c194d2e45185252d8ac7594d4af664315ecd68549865daf481711cd2274187ee8fbe4bd1706c734c68be85a73083c4bb1d06212e81148adc35c2a3802109d1944ab9c2aabc2d7fb9818d0d87307a9f92a1b2ec1926d3b844587ed3081a8d2c78201d08a4c1a334a4efba008904640579d150e9771d4026458a042eb137b8bbf0aedab9f8729810a2421616c0061151ee9c8f2d5cd15d6382998bbc7e569ebf3567f5d8ba8307227e280ee9744255dc866c6aced2c51f9619ff0049f9aeff00e268da8307fa7e695884ac6c15d61bc69f70d8b8fcc3bfc42dfdb41e80215f3d1ce71a27f377cd75b0372b1b2a4aec419c9f5210e7a3835efa27f371f528e97ed04cb3fc427710d3f055c39128a838685d8948549c786c3e5bb5b140f14284e3a8e891e40aa9dda09a75bbc207e901bff1015b070c1ac808a1840391e897c389b16a2b35c89c4571b92ba5eed554ea1e095578c208d5d137a419d57c99b3a7b48ae6351e4a02012b4ffd346c21486135d40a374893a729333b0a58d72e89fe19843de2ba91f2bd9d248b1e95f55ac95956c26ea1bd46ad6b7e937e9347bde68c945c28b47040992713604f00494fbb43da4870816b407b8f0a0e34cf82c1cfe331e213588747637c23a0cf9d57539c9a1b551a50d86d350990ecf7b5a76137e82e12e7cfc0069a63a3a9e412688e27343b9aad9b3cba925d11a311a09ff1618e74f82b98e97d71a1ff0020b2b45130b7551bb622aa97313531b16958795629d8da81d4a5b3bda088e14606c369b10cf68f179bf4a24cd0a621eb0859b04b5127b2dbf82c68d5ad130e159510f3bd8e543ad5ec7107652a08f24c97733b22f814fbf34350b6e39fd11cd8d417cb20ef9a818a2b703e0788d5c53b82026c2f0ec48348ad415a393c5c8a5d645f098ecbc3b9c6dc5aef9ab1ad890f7d15e326b90a958f53979a6c4678c03ae8808f2d2b1810e60f42160ffadc5a68d69bc6cdfac28b7198ad39d46fcfa8cd3e501bc490c3b41d9f741f137c4cdbac7159c705a396ed3b859c2a0f30944e084f7561b836bf94da9c0ec596ad28f312b1ab7e400a89573e15358fbe2ab2c3f7759dc58f745657175c0ae21605c66c923b2a888721b95ec94d0373139015e9a5756439968765a5ab45ce703e4da0eaaa0f0adc916e1e37f456b30e1ee945b67613059858ed5e33119ccd3d2aac959d79ad5c00d8c20fc6a175d9654a3c02b70f76a86ee8888786be9ec11c428cee21a4680c5652d5045cfedafc57d2989cc8a064473a95f6a86bba86be4bb70aa70bd83a5b0889eea3e1616ef769c55b86e3519c7c5043532898c380ff00b63afd14a5291be9e9a9b57bfe0a2160808bb3a1448c13635bccb9461e2ffe5d381568c546a343c3e8a4f334c68d3e840e1d107e51c89f88526c2d1157b1a06d2e23e0966233b30f34111cd1fa001e79a453186979abdcf76f71afd5328b6b7272567b2bfb1aa1f8779b45683bdcd23d51d25870cead70da0d96470fc04e902d657a9f82dbc8c1d060690000927b2d995a54efbb5603c5b1e64104430d73b5ecaf2cd617129e8d1dd57924ead54e0064b6d3d8207b896d2fc2ca307b394a1240a67bd2c2d1dd969c6fb2679e1c31e6f42a81863eb4a2f5c6e190c0a502aa24b4bb6c4349adceb548d46f648cb3d2439b98192ecabe236ba26d9f3f542ccf6522827c35e0bd0277140d2043b0dcac81890d1cc0da76abc69d46aed109c34ffa7a9e56fc0225681a6bb35a846c063b455d09e06f0bd1b15c79ac05dac03c560273b631cc4a81e01aabb73a8c8f0a2a5b1e4c1563463c3173a5dc3da693c47dd145b01a7225bb8d747aeae7d53281da3823da823882e69075d73f2145295c5a5629d178eecd4805c439846a3a6002dd9b32ba7ce267f0d3e18b22cb3da2e349bb731d47cd7d0a8778cae6fc8fcd6921e143385161de82d1597ea49f3569ecfc4759d0413b400c3fcc3837fda53a717d40e84d7433b0b0e241734da8695cebee915f9ea434417d17b6845b610b4f13037b320e072cdafaee05a057a2aa2c3a8a3e1875368b8e045c7554508b5b3272a725d0cd8804fb27486cfcdd3e2a2d88452f4a655d5cbfb26f130e8272d36f4701e75557e14fe58cd3fbff00fd0a79a5c1a16c08d731d9b6ff00a4ebda1a548c2653da703b08f5dabb1e41fee03bda1a47fb0d074424484f1983f7d12b6d728363a5adf79a38d5beaaf6ca3c8ab7c43710ef2fa20897ecf204f5ba813bafb4547a24c860e30226ee61b5f442c6d219d3a2add1f69773baf9b1c7dfd52c9a615722631fba2e77c77740a7461cfe1f02a5dcc3dff7cd262fb8d719774f612d71a8b122a4df55c84e70e97ef1b62e6ecd2d17378039a20398ea6901d05d4df34d6d9b64ea0d9e9f874a1eabdd7e4672984329e2a13aec3e392023e0acae65de54e8a8feba1b6d21540cf63f4b56e75255169bdcb4ea69f05b0fe0416300aba8d1a89a8df62a5a7007b219e555e7f3b8d3dd6078a1614e789a4971151a57a0cf76cf82576b92f3715b289ead0dac37adc2b068f2599979e02841b7c1187126e5555f2ff72de7e36da23e86c85ac94437b9a665636671f632b5bf049e2769a297122cd2294d876a9ca9c575079f4ba1e8ce9e9787ed385ef4add47fabcae741cce6bc96763988ead4defd55b292519e3c2d24796ccfef248a9c5be1b11ff9097448f5c97ed14336874e4724a714c79c7c3e6946190dd020869a691ad4e64dfc37dc12dc5268d080b5c34f082c9a3355d7d492b263885da52d14d347caf698b85dd7d8bcbe3b8d6e8a968f12b53ab2adbc9229c64f7899d6a6a2e19ea0fc59d4cd2b99c5b3bacab31989420b4fdec4b63e20f2ea8240d9ab8aab9d3870812af525cb3690b10a9b9573b111b563e34f500db416508938ed0d2ae5ebb953c6891bb19e3388db3aacb44884e6893335cdb5277aa9d0b370b8068b255966ee8e5f707257da5ab6291695263081522c7929582761b6bac0e28c8389c7655ad7ba833ce9f24208805c8a9196ed80aae2442731f651e0e1a43c7a334b5cd7b9ae14363ac1af9eb5a893edb4288009983576b734004f2c8f92c036aa40f14bb94a75654f83d1e3625873f2739a360cc7255c2969488690e603ac6ce041f35e7f1228b505299efdeae8330d0d209209a5f3a0dc15633b751a55afcc51afc4302636ed8bc72a03c6e95c4c2e29710d7b5dafda6d69b695af92cf98fa2ea8738efadfa1f45f3c102e2a0e57b83c8a6751126eef81d46c223b455cd78e034bd0a5f3308b7306baeb6bae4098986d0b5d10537914eb6ea88fea91da46946738710ecf3cea10766281e8ba95d1b6d39752ab35dc385289c99c6bcd5ec63f6970d1239d17d3b3aca68065bf4fc8b688ba6ad7b832131268beeeceeea15f141d8de807a054f76ef77c949a638fa14d2a26670815ad4a16244a0b5ca19d136ab4aa6c326ce4679a6f373c50e6b99cf7ab1cfd6554f7283612b2572aa642e065520c5d0671ed140ee4ad831cdc9b9c94a525985c06ebead4ad9a85a36191b2a24ed7014804d0d0d3c919292f57034b13aad4e0ae9283607efcd3e9384036b4beda792bd3a390ae4552f83421ed56b993b792613709c5ad10ac0588516422ecf2f92274c65a96d8c12e11394816243713b55133870233b9464d4eb582ca12af2e1a448038a7b45ec4db333164443712ea13a852c2fbf5a90d6e22e7d357aad2cd4ab1f5dbb75059c9f058ed1d5acacf3a6a1ba0a7717c471076b8d6bb86c55b9c46bbf01bf24c70dc3a23ea436a08343a8fd324c21766c8a17e8d054900dc9d432fbaa8aa5396e86ba42a94c35f1812da50675da46413366080430d713527a6be49b4571600d141acfc92e8f8a80f6b6a0d48e4b42a708724db6c01d28d68f0306967e2b9b1a03bb2279208ca1a11af3a5b3dbfdd6a6619a40688d605b3287c464a9a8d05cd35eefaae9d14d6c72919264235b666c2bea8a74810db386cad69524fd53964369161426801ccd4fd8e8a9661c4b9da44b5acb02e0294d645f72978090731244923a20d453767c69654c4834a835ae62b415df9dd339c6c32ff006f48b40d1bd1b9d804b23c20d37cf66ed95509c521d328b85d34d479532528912bb7e8a01b53651761ce10bed1da69c6a8d96816d37dda32c9d7d8508e7e91a6acb50a22e3601da3699f13e940a2052f6f9ab1d2c76eaad81f3ae4a0d66d34dd4cd7341270e69e35f5c93594b5dcf6f8854348163c4e696cbc4863da6577dab5e192284f0ca1c3b9d6e35772ad82a5395b96249119f9a787689d114d9515e9543b233a96701bf5d7a0ba76ef60b62d6b4a825a3a541a121032d021bea0548fdba23e853ca9cafc814b607fea2f0285c1c378b8e07eaa3f8de1fc9bf3449956568ea0d83486979150fc241f7ffdc10c27dc39227dd902a838ac4e48b20236b4938d8a21790bea2b1ea2546c39c0daa632387d454f243c985a3822cad4a9a7bb15b006c9869d2d6be1265e6e9910ac82b42a49ec2b900c30e690ddbc6c9dcb8a0baad8be8c6caf18e22395cb9d3206b42c69cad289745364bb0f79ef333994b2aaee91d88fe9a469ab5ee5c9b8f4146e5f0d657207b2789543b3e89d3d85631907d182bbe95adf7dd5f06598684b41cb3f920268dc70f8266cf6472f4555d842c8d169ac00866cc035353643ce1ba1219f09fbd6849d8606c76354804d0eed40daaafc130e00f79161d9bec937ae75b654ca896c2b9656f719fee5a3c61c431b43f9828422a4dc985edb0c20c50fab9a32341d14265911c2960779b7d50b01c7ba6dcebf52a41c4e64ad0f812c2a8915ec8ad85a42e4071b9ab89a902c696f556e2ce796c40068b1805f6daa683c93068f1d758ad3c9532973141b8ef08a1bfe46a4c1f173ae63192b11e749a2a6e755af626aa5352e6a6a5b602a6b636cf75d3b8f689169efc01c88b8e1648e3389373f987fc82c32a6a251480a9f12a55703ac1e63c94c0b0e3f15d6fb4dfbd6a3628110a2930c8764ddfa24f219e68226e0e88b6dd7c6f74e669a0401414b949dc9aa26ac808eb9da54a8be59dba2898647ddbaa2264529ff00a70cf3d069f895092cddfb4ffc8246b7b04830dc134a6bae640cc0d68cfc5c11e2870e875073c9a6a0452c4dc669ce1705a5a6ad1ab50443c785db85b72d11a0ed7b8ae42f9088f76887427343450387c41cd7cd9bb90eeedd434362c70e208ba5f8c46702cf11f66b99cd5f3dec34eba0bebcb6a68ced75d84689469d19318d07204803fb2a74e3ec1d5a86941745e80d812abcf70ec8ffd9', false, false, 3, 3);
INSERT INTO public.posts (post_id, author_id, creation_datetime, description, content, are_hidden_likes, are_disabled_comments, likes_count, comments_count) VALUES ('8d91adc7-164e-4397-af00-a27e2c4d6041', 'a863683a-c821-4085-b7d9-ff3a0ba0feb0', '2024-09-01 20:29:11.527966+00', 'Ładny wodospad :D', '\xffd8ffe000104a46494600010100000100010000ffdb00840009060713121215131313161515171718181818181517181717171817181718171d1a1a1f28201a1a251d161721312125292b2e2e2f171f3338332d37282d2e2b010a0a0a0e0d0e1b10101b382520252d2d2d2d2d2d2d2e2d2d2f2d2d2d2d2d2d2d2d2d2f2d372d2d2d2f2d2d2d2d2d2d2d2d2d2d2d2d2d2d2d2d2d2d2d2d2d2d2dffc000110800ae012103012200021101031101ffc4001c0000020301010101000000000000000000040502030601000708ffc400431000010203050506030508010305010000010211000321041231415105617181a106132291b1c132d1f014425292e1071523627282a2f1c23343b2538393d2d316ffc4001a010003010101010000000000000000000001020300040506ffc4003311000202010204030703030500000000000001021103122104314151132261328191a1b1d1f014427105e1f115235253c1ffda000c03010002110311003f00fa91971ceec41864b444a23a7521f4be809dd470cb82986b1d2911b6326d012818a4ca7862a9714a91ba11c625639648185941c440d3f678d2183472656212c7bec754333adcceda3666900af672a34eb9711322193686b52322bb12865149b298d6cc9434819728690de2d03c24ccd2ac715aacb0fa74880e759cee82b299e0152a4452a970c17288ca059a93145324f1d01a8454a116cc31591164c8b45462262d298e5c8744d9428452b105a9303cc114485b055c54a821698a9498a24007508ad4208298ad498c0292238d161111bb052b01e4c480822c96254c2129049dd1eed258d766902666a212080ece48bda3021b8968772508db303cc98940751038c2ab7da97305d960877a9e43cabd33c202d9e264e492a5392589564918d35cb9986d6796139d59b8025cff00b8f9fe33fa8e49b715b2edf73260d26c8c1c94de34c0b01896ccf18a6d0095dd49370aa9462462fba9eb06db1294be0e71d48766f7e714ca98101cb3abe11b83b9e91e7464dee07b944db5a651625d441240664e387a7530aa7db4a949bc19aa46a7793cfce2b515cd5ef240a533fac62d5ca00de201c07e2738161e66b8c75c71c63cf98f64bf782f54f58f447bf4ea3f2263d1b42ec6d47d9ad1b6e71c14a038988c8dad805a49dee5fca1715b6107d8272d6a48ee82c03920579b631eab490c7a6dbc392871b9cd7888d1f657b41781496404e641203e4f90e30c64f64d130059487388aa4372861b13b328b3a8a9290e733520682b8718939235956ceb789ca20a5468e0d0a6858b11f5586567b0843b135ad544fa9a41c6c48706e8718160e225dcc26a0d812a5440c9dd07dc8f346b0ea62b5488877661a28454a4c06561262c5c978a572043552629992844648ea8e5144c942049d657872b91142a4ef89533a5644ccfceb29806759d5a469d72466d01db172d01f1dc22919342c92665a6d9547281cd9d4328d04ddb1240aa483a356025db50ba864be4f58ebc72671e58aee2beee20a4433252607992a3ae071c85cb4c50b441f324c506545ed080665c40ca834a220530af22432400b9515aa541cb4450b4e6627e207481aa5454a2c40625deb9060f5fd23b3b682124568c559540207b8eb13d97b3e65b2626523198b21c92192e43d383ee11e6713fd41d69c5fc5fd85a4697b2360f0aed5354a1265d03129bebfc21b4c49e10927db84e4cf98b45e5cc3ddcb0ce25cb0035d4e019a85a8d1b2edd29167b2a2cf2a92d20a46fc8a8ef512a3187b3a44bb3800bde38eeba47fcba474607e0c6a6edd36ec4156cfba12c4874d5551404bb9d0351f740b3ad09378a52c0e2b6604e54cc33d4c7a480652f0670e5a945664e6e2ba30802d24ce486352af0a70a6585399d23c58c139b7ea334764a48514a9556721c9601cf026bf59d1314a5a940b506032f090cff005888b94a42520959728482c5c8177e8f940d3a6ca08a1ab02c5d44b83898e88adec0a25cb4265a6f072707c6a71f468b647c342c122bbf161e6204336f820d1342dd3cb08100528280724336383986d1616827be4ff2fe511e80ee8fc43ce3d14d0807e894f602d2f554b6dca24f9346cfb3db0feca8ba14e4d49a1f684f23b53313f1a6f0e0c7d219d83b48898a620a699e11d527268cd8e96a3914bef1fac29993ad6b04c95c82cacd0b186297bcdce0d16e94ac488f4aee9c941009a138f4311a19497513dbb6f4db3d27aeca956817301238149238d61e6ccb7267202c149700f85578570ab0781ad12831bc933dc81f0a0801f4516680b66db27226aa5ae4912c37762584304bb39634e02085d1a0298ad4984fb43b4824a9026489c94a89178843023828bfd63172bb4b6601d5302372c141fcaa0fd235302741ca1152a2566b4a27242e52d2b49c0a4b88ae6a35780ecb4248a262da059b694eb129c9dc6049840fbbd2212723b71a8b299d6d03580a7ed03924f582573b41034eb4342af53a9556c2e9f6d9992602996859c40f28366da813032d60ff00a8e8824432485f6820e2079404a021a94a734c5136ce831d31471ca560b2e6018c148b427580e64902285a22c991686bdea0e62289b77230b82626ed8983a981245c51be39dd8d6165af692504245547048f3ae901af6b4c2e128aba402ef8a98e59073c9a39f2658c55b63a92439b429090ea530d4d20033c2c94849634ad1de903cca26f4d2f5f10d6b4007161066c49a85cc4ad9922b56c43d3790dbc7863c8cdc6cf2f961b26eacd29763316e4a153080801957412f462d400d078308fa57ecbf67242275ad8e3dc497c583778b1c4e6352328f9a58a4df98523c4a52cb31f88def0d060f411f744591365912acc966952c02d9acd5479978eee1b12d5e888b311fb41b41259388c373464f687fd01b81faa70873db3b43cd1f5bdba42ab72c84a6942356ad61f3cddcbf816b73352ed24cb5800dd0a51a07772736a0770ff0046e54b521282a53120d000c340f5cea5b41a459b39817183934cc8058368e4538c4272cde17ce2c5837916c383e91c1ce548a35b5805a2cc9a3972a500ef4a0bad4a3619e500aecd7558b8afe99610d6d0805bc4d74b93bb3c784457281595e2ee41cb050a73cb845e2da1484896c9019f4c31d7a746e32366bab7241bd4228461c69918b26491748bb7554f963ad23b2509218966c8e4c199da9035751a8a3ece3f023f218f459df6f57e68f46d4cd48fd6cbb1cb3f712fc04093e559d1ff00504b47f737ca004daa78c6d286d576650eb7c0884edab687f04db22c6f2a416e6a30cb345f515c585a27588ffdd95ce60f7305d9e54835429274baa05fcb18cfa26198b75ca90ba827bb9c92091b89f6061f4bb4298349481978c01d130cf2c5034d858525391fcaaf944a55a12ac1f9a543d4403f6c980fc09ffe51f2882f6ba8632bca60f9405962fa8da1f619ce92958652428382c4035181ae714ccb04b54c130a12560305115680676d92016975c9d6803d615ab6bce2495a4a011f76727d2ed043a9a7c8da5846ddecfaa71494cc4a02700ccc775d6680275bedb67175294cc4270205e2dc94f0cc768d2a1f013c143d44786dd4a52025040de5fdde1bc4a328b1349edc2709b2bc55c03743587761dab227304cc96e4512e0286e67358cadb66ae6cd0b5a9177408aee626bd62699d2d0a0b477a950cefa39fdd78ce4bb0ea1ea6be7ec949c43f02d0a6db21094912e590afc412927a9af08b656de0b400a957f8a9049e200f681ed53d92552ecc0101daee42b883ed12725d4ac1cd0aaece4b9089ab6fc72c23931c617dae65a97f04aba463e04f4d794136bed7da50dfc24a5c3874b962299c0733b4b35602964a41c18100d5a8dbe28a35ba4516594fcadd0b2d368b524ba9053ff00b65ba88155b4d63e20efba1c2f684c3f04c497cbc6fe90bad330a8ff0010871c7d22919bec178d57b404bb5956023892f89020ab5ae4a1054a61bc968ce5ab68053809284d2ad53cde9970833cea0ad909249f31fad48487279e509add68bcc42aea779aa8be14c063d617d950552e69526e8bb4ad5449c1ce381882a6a428214b37503e100151c9c17e9c23cfcdc64e7e58edf362ec169908ba09f8520ba8be2078aade9ba03956d2d7901294b38a1240271dd4f5782e7db92896a271097a396bd801c7c3f4f0966da814a03972909a338a1ab8a955e031df1c78d4e77a80f9855950ea5de5de4a69451241c497fc5f58c3fd9143f080c92521dda8c3d48ac6764820a90080964f8417abe2467863bf510db67960b21654549a1ab1ae3a620c5e38a529a7d8dd069fb2fd8e26db82d48612af4c571180e1795fe31bdda569bc56ad56df97e8c2bfd95d87b8b0ce9ca7798b203e37502bfe4fe51398bf04bfe652d5eb1eb70eb4e326f9984ed593df0cf23c1ba409b449b8e1851f761ce0ded17fd42f817a1c34e7c217ed9b55d96a3994b70c23966dcdca907b09e714cb0023005c5094b1a900d732cda8885b674b031186142ac892dc86ea40a809501e371933807716c622b9290a2c2f023204bd3cf28846290ef914776a25937d458fdda67e22f867e5064b510800166672c92cf911aeee114d9c4ba0bc4104541cbf017ca98708b0c80853851515397a14824d29ac3b97412a8b5734ee09602f16c5c6bae35d238649245e596dc0607138d2396996c908beaa024d135727e61b8ee8ad567596ba1daa1850b8f91e3190433ece34ea98ec2ffb61fc0afcc63d0749acfd09ff00f7a9cd1fe5121dbd97f87a8f9c7ca66dad00b5e56e65deafe468f7db25a7e22a2772d040f2cf7522bfe9b83b7ccde233eb29edd4bfc23a7ce3a7b792ff000ff90f9c7ca3ed72ce0a2ffdc3fe263c6d34f0a6f1fea579fc03d5e11f038173fa9b5b3eaaaedecb397f908a6676d6590c49ff0003ff0018f980b5ac62848fef51f434eb1d996a57ddb9c492396260ae17875d7e66d6cfa0cced4ca51a2e627724003d1a049db7e52b19b37ebfb630e2d0b3f7e48fef6ffc8c4bbe5e73257e74fce2aa189727f9f036bdb73672f6eca4613667035f5437489da7b5f254c1454d980901f89bafe51939285ab06555a8a07d018b7ec330fdc51e178fa222729604edb1d4a5d0d4c9ed2d9801e0278acfca2b9fda6b39f852dc5cc66ff774ccc5de3de7ff009c533a5253f14c40fee57ff589ebe1efdafa8de2491a29dda6919057203dc885a8ed64d49250929feef50d585684ba9825677896b29f3a476d044b5252a4cc2547eecb2401a937980eb0eb260480f3b7d4267ed99b32930a94327592dc1e099bb41733177ca98066601d8406cb2e25c952db7803aa9fa45f291383de921f201796b89812e37878abbe5d36fb93d680e65a54323406a5c54122b9014c5e294db54a3f1a180f11015d1ea4c7b69cb9b319372ed5c82694ccb86ba318a6cfb00aae12a342e48a5e19805ddb7c707eb5ca2dce75e9fe029b6546da16a48254aab9f0f8710ccc298ebc62feee62c91409d4963a81abb67c61d4bb026524b30399d07bfd708ae62000edc1fd4f2ca3ce7c4a93f2af88dcb989ed425ddeeef78a8694342580d7034fe68a2cb664e6c9a801943324063e5beb077d9909f1307aba88d72d6233939b558d583b62fbb2f38b432e95489a9d016d2b15e42d09bb7d857e220e55c41d690becd672a210eca0a4e02b4275ce915ca592a512f77407101f31e70d763d800981628909660ccc1d9ce24e71d52c9e1c29f6f9996452e60db7a704fddf12804d306c01f324c1db3e6a4a0a8268c00fd23d6f4a15305544abc2cce0664be5fa8dd0f7b31b2bbd9b251883303ef6f129f7308ae1e257953e6c69774cdfcf93f66b049938112c5efea57895d498cfdae65dee53fc8f0f7b6968ab680c67f698fe2a4692dba88f6b924899f3ced4da54665dfe678176d0fe19e03da186d4655a18d6b1ddb0948412df2c622e929507a990952800322e3eb1899b1851baa270a17a7d345c82973402ad5df5e3ca233671424328b8c0a86380cbea91c76ef61f62afddc10ea069ce9c74e31da0230e7ebc20a94b2432bc381df80c0f1031ca069928d1cd689e1bf7e3f4d1936f9836269583e134275e0d04586d052e829a39629c47cde90ba62700dcc9dedc328be5cf7704316f8b503773fa78ce36865219dd1aabafca3d0afbd1af557ce3d13f0df71b521925ff00116e27da2f932d1f794be4b537ac5b2f662435e2b3f94740d07cbb24818b9e2547d4fb44e7c6c572bf7108c1944a4c81f75478a8fb882a4ceb2bb19255c1947a0c62e96994309493e43ae3074b9ffd291a04951eb8471e4e31f67f12d189449b4c97f0d89678a5bd4fb432b3cc59f86c684ff591ec2229b424fe23c4b7411d4da464c3eb7471cf899be4be6fee552f518ca4cf6c24a38249f711d50503e29a067442037e60617af686a4f5888b60c407e2fee6399cb2be7f41db8a1c266228eb597de43fe50045e172db0277173ff91a42413c9c400397ce3cab52538a87388ca139757f10eb436fb1483532656bf024d75c318a97b3accf4952870427da17a2d41428e7944553d5f769ade07db180b1e4bf69fc4178fb0ccf76280506e61eb1d2504306f323d1e17a56c1cac0e029d444a5ac285096d4857be3ca17c362ea8f60ab4ceb8926a4e2c1893b83b085f2368a9492b5292997a948079bd3c8c5b6959402a60400e4bb06ea793424fb4ae7a8299e5a4b8450052d8b13b850f9475f0dc3eb83935b2ebff8bd4949abd8d122c52d44a96428307c86a1fcf08a6d36a4a4f84151386a7964299c0bde9510097cd8609d7d7183ecf212948271561572ae274dd84464b4fb6efb2196fb2026562baab200507080aede5665b4c01f5277c30b44a049bc43eec1b79cc47262587858505496dc37b45633a27257b0b84bab9d40e04d00ae70a768cfbc08c1cb10f8e3c38b419b5e7ce4255dd9494805801e272a1e27398c4463ad12a68fe2de393872e0be7ae7a47a7c2e0d7e66d7a1192e83a9764714074c48fad5a1fca6449bd44e950d41e1f6319cb45ad2b0994ec160951a0229448d098336adb92c8960e5861953808d931ce6d27f8810897ece50512a188a1dc7e78f9c6fff006616279aa9c7ee254da02587a3c7cd242d128290824952afa95cf0715a3758fae7ecc9376c0a9a715a88146a268fc1de3ab83c4de7d4b914aa882f69a6de98daa923ccc2eb7979ca3a240f5f945f6e9b7ad281fcc4fe50f02ce2eb59dde83f58f7ba81186b5bf7f4031a96c39c57b750548006679e38410269ef389f43016d85932d189c4ebd2212bd2c001236790710e6b571c69cf58eae4b14d5296724949277e74c4878165998e14f778d4f1c79b4182d0a706f12cd538537611e7352be6562894f5a4de0ac69c06b86e80a7492d52189e832d35837bf0d5604fb1a7d6e81a62ae9d3860dac3c36d8d2dd812a58000bb79c9181df9f97944cca04601f3c29f4f045d1e1dd5c3eb431614254c5da8f773075d338a3622409f674eb1c827f85a7f88f9c7216d8d43c4495e22593c5407a4494668fb807073e822f16d9631983f308b05ba564b07857d23c67297fc7ea0a5dcaa5a66a869fda7e622c4c8566b57247e91216d4571fcaaf71152b6aa01618e9476f3de217cef947e41f2f7094497cd67f2a7d1a2f97664fe13f9966149db6304dd7d0ac123925e2d55a66915ef1385532543aac1107c0ccfa7e7b8ca486c8b0a740dbc7ccc4576597a27c9bd2164b4cd624a269d095280ff17f468ba415bfc0a3bda697f3b95857c3e45bb97cd7dc369fed0e4d8d03e89fd22f084a6a9001d4000c32d9a6c465ff001a54e0bfe598948eaa3ef044c916150f0cc9f2ceb790b1c18a3df3812e1dff00d8be232db921209ba0af1222627577f2c387ce0e3b3e43f86dec3f9acc4ffe2b8e8d906eba2db66512430505a31a66a27a42fe964f68b4fde83b944b9c96729e0d4897da6e25d4cce4be019f172774016d13d2541065ccb80951964a8001debc8f94670da956a21531ee06bac0849defcebc728cb80973c9b2f88adb4cd25bf6c4b5cb52126f386f0b93fa42bd99de04945c201566087141edd60ab3ce42521806150c0d3a6313fde071a8f93021c643ac523258f1bc508ecddeefa89ab7b1ad9e5819654191e306b0bb78900b70e1ca10cbda1e235af37806ddb416b4844b3472e402728e27c3ca6fb14d68bed9b4c9594cb2c06799c73682651646bc7e6615d8acfdda039bca672752eef0ab696d5bf33b90a52402cc8f894487e9bb48ec8e0f11e98725d49a91b1b359829249cc107988c7dba400a3783004bb3b3e0ed0f655ad16596ca592b507a973cbce3396bb5a5445d0c07be5c22fc0639eb9572ee2e538ad9a9354d1f0e86009f2d4920ac39486241a9c1891ab43ab3164820805b0fd2396d946e9bd770e353e9fa47a6b52752dc8a908e5a94542e9bcf96058ee31fa3ac123b8d9f225e77013c48bc7d63e05d9ad97dedaa44b157989f50fe91fa0fb4d32e8091925bda3bf0e3d2ca5b304263db382147cc7eb15db67dd97355fca7ac55612f689cad12d146db5012140967cf48bbd9363598db1da49984eef681f6dda6ecb979ffb820325d957a9bb4d3485fb65056896062c4b3b1c77c71a9270b1756e07fbcc3974d70e5168b7a3371d44285a48c6846e8e8a56f36a225e1ae853c41a19c096058532f3ca3a66007e3c375217b38770220b0af67ca369058c17314d793e542de5f41e222df77141e2376e8113695229ca2b9939f12d57c3eb58ca26b1afef147f3f918f42bfb42bff00515d63b1b4236a6334dad409244cbb93029239904748b3edaa557c5cd47d9ab0d420ee1fddf21ef015b6c93090c92b1fca28311844f067c5292528a445365126607092806a0bbace191bca348d6c8b75d48099729029412d2dfe4f190329496250a0da8220a97b508fba0f1262bc560cb37fec3dbd1ff70bd5d0d37db547ef11c1808f19bbc9e758cf7ef920125296e07e710b3edb98c05d4ace181cb3a1dda671e6cbfa7677cfea6a7dcd3050dfccc75c0cdb5853669f695ffda9694ff5a87463e904ceb3cd382c0e0976eb58e37874ba9492f7dfd2c2e120cfb62523dcfeb032f6c3b5c415ef00379e18ef8a91b2d23c4a79a7790b63b865e506cb6d40e25bd2038e28f257f9f9d86519752a933a61502b4a02417bb5277543372892ec695a8a942f97a0529c26ae000721e7044b40c7d3e71200650be23fdbb7f1f966aa0833a584a47777400ca62e95118901a9c2b172368f82ea689d1bda010a00fcb1eb1d995afa538b9ca0639ca0fcaebf3b0f1c925c88125cb16dca0e3e7d6289f383baa5a491810a20e6ec086c37c5c1470c75766fae063ca416f6f883f038758bf8b06fcf15eed82a69831b4a4834984e812ecf8d50fed141da92102ed452ae154dc2904ccb2b3b7855a6bbc1157a42bb65f705579c33135a8dff005947563e1f065f61fbaf7fa05c4b97b7e52c1c52cd8b577f584e27cb45e5b2d4544de2f8f1a0a12f4dd070da2a142942f2aa06113fb659d43c76709d4a529f3a318a2e1de2e5075e8efecc4d3ea2255baf12a2424d0300586ee1c718a85a9e820cdad22ced7a52940fe1292472397326154aa477e049ef4d7f223439b3dbee8621da2169da8554660eedbffd3400b99100a78eaf062dd92a499f4bfd90587bcb6a5670402ae6d4f58fa4769a6ba9519cfd89586eca9b38e7e11efe90d3b453be23c62ca3522a8ccec64baa71d602ed1a809601867b2835e3ac24ed6aa8dba1a50b8b467c8c8cc9d78adb3f33c77c1d365012d09500c4005f33a6ff00f700d99775c983ed13a83808f238b4e30515cb6249d4843b576410b0652b95586f7c86e851689ab4928500e3501e35a9399ae9bf7c536db3226fc630cf03e71cf8f886a94b71f5232d2ed4d4220a9212bc0f26f68b6d5b1083fc355ecd8d0f9e1e90b6659969354907eb38eb4e33f658e9862d04604b533d0bc5646543a6ba44116e560a248eb17cc940fc25ff00d46dd73036812ffd34722ffb19d0c7a1b5441a9773582dbbe25f6a2753cff585b2e5ebfafc84129207b3c798f1c57216ecbd532289d6242abf0f038f1fd224278cc8f3f6117493a027918d194b1bb8ec649203b54a98424253252123eea6ea94d4bca51752958e273c22122dcb934287f31d598f9433bc746e247bc5b2a4150ddc1e2b2e31ca3a72ab436a0791b750712a41facc7bc13326858a17df93ef635ce03b46c74106e9ae84d1f8e2215ae54c92497296cc2a95a62234387c1977c4e9f67f9f72ab2b63f97348f0f89a9f082f8f3895aa610d75f83e3ad55a7110bac1b782582d2ffcc287ac38956b44c2e0a55933d7e60c72e5c33c52f3476efd0ce56884bb4a958e1b8e5e5ee62c139806c3a8f5dfa4755674804a5246a087a7986c3ac52b9845125f1c08f388ecf91295970999b36958f4a985f473b9cf997e758a023024e1ba9122a2d4a7af9c16913d410560559f2e24ef611d97682f4018531ac0c898f46a72f7826428579ef68471ae675629265768b3cd51796b156f0901b46bd435cf189add805a09ce951e958a6d15c19b4dd15a6c8bbaa0157490402ce7aee82ba36ff3dc59b4b7a2bb4d8d2a3e12c730416ff70b674829a2811066ce52d2e267c4299824645f90cf48bed5663365a892527ee1d1b86223d1c5c5cb14b4cdda272a6ad19fb4246902a651516022526d77bc2aa2850f1106c8605e3db8d488b0ed99d949939831af979c6db65fecbaf0f10e6200ecf6df4a0005836a718fa46c6ed620800b79f58eb6b4c7c881436ecdec6163b277437c657b44686341b47b469093e21e71f34ed076c10a3743139e10316293b6cc1b63b4a4021e15f6908502da4283da096eca4d350601b7da42dccb582371dd81116f0cd6064508df09f685b94898c0d004d3943390a271d633fb4d4f315c63878982d005cc6565da4e49516a16faf2f28632a68ba03b9ceba464c18be4cf233e5f28f2e7c3a7c81285f234b35658a863c31dcd0329208a9727e8446cb6f4aa981146c2213e731186353ba2118b4e8936ee8556d484ae95d7489809670e0ee31cda0a04b8e112b3d8cb3a891b863cf48ebbf2a6ca7ed4d90ef8eaae91e833ba47e157e6547a175aec26a8f61b4a623f5f945a1869e40f5f9c4529c1fc845a96cabbce039fca38186e8ea49c7ab06e5ac58943e2af5f78e8dfd7ac54b9f9bdd1ab56274df206e5f2d29185394582769e6df385d32d69bcc975ab36341470e79c4665b149c50c7faa8ffa7ca1bc26c34d0d7bf7140d9feb12b3cd0c6f80cd9b185b22628e29ca978b0d06f3964d1704bb952af1c2b44ef09425c1e75e908f1d6c3c5f52369d8c8989bd24915a0351c3779c289fb3a74ba94ab1a115e6e9c21f9b6145299e05a8ce1385728e1b52959397ab12c389f3dd17c7c4e68ecf75ebcc3ad09246dc9e9a3de1bf1e0e0bc132f6f4b345a0be89e59b8fa10c5484a87881f2078e3e55888d9a2ed12a667664b0e2ee0433cb825ed469fa1969975232f6f49c2f28723f23170b74a51ba99a97d1dbf41147ee62439086de2ef54d3a436d9bb0d12fc6a09274c479988e4fd2c55a93bec5238936464cbbd878bfa483e9174db32a8e1864ed064c9a808a320528054b967c31604c25b56d013545285dc09152c492e1831c9a9ae31c70d537696c3ce6a2a9051b211e22479bbf288a8adf0500d426e84b638bbf485d31370829254ad56b530018352831fac9ac89ae96ba062188ce94df945249a57cc5d4e8536e590a4d3320c137e8c7a7a569059d948539380cc0cf21ac513b662c7c3f0e55776c5beb286f120d246b333b6ac84282d99f4e8e7338d7481e45a72388eb0eed92ca814ab10f8e040f4319db64bba7001b48f5b85ccea98ac3d330bc34b06d75233319e936971be246747a90cb401eed1db6b524f88f9e519b9d349ce3b3a73c0ea314966b159def4eb13976a292e0b18a098828c41e668091abecf5b51395ddcc64acfc2a018123230836c59ca26a81d4c040c5a2fcc2055472d6364e214e152e63514c7a2c548502d74be8c5e3825e2e406c8e26392c24224544e7118ec130758e420872ea56990f28256874b0f08d0537c0b60c48068cfcf4828a09c691cf3f6b99cf36f510bbfcc23d1dee37fa47a05aee2ec3e980397648d3361839f61d638a987214f21cb742f55a9924a5df32ac70c86103aed4b526f2954c6988e030110589b29431993ea589700b9c8678fbc52bb48c1df270f5d586679c464ba826a40536f26a71279e462f0ce532d21f02544d471153c23524623dca8e26e2716cce780c389ad22d952132c16480a62456f2b79ddf5ac4275a6e96a92c6ae4061baae605b34f52d652a25a874e1846a9357d06a1acb99e1a024e59635c467c2a23a54a2817881a80073262b136ea824fc6a18e491896cde07b3cc74befa93893423a752627a76b0be54106a5807624ebd72e03a415250a20240de580035cfeb8c7a44b0904a9d4e4271d7db58be7914427c2e1dc62313ff1688b77b217c3dad912848202941e94c492720d80c0f382e5cc494e04106858307abb6a6ee319c90a2ab4272a150a93824a88e613ca0f99b4494bb3532ae1f5d37c34f03d8a41a8adc629f1395aaf96a51b377c71c3ca3b32d0a70ec13d0bbd74ff00461522d8940be41512b618062751986069ab41f382d8a9c3338c5c56ee54cf0dd9c23c74f733c8c0ed4b5a95753f036acd950e0f539e5e54c93242ee225d4be4aab66ffac50662149048502410e1477d48c0e1176cf9e8bc9409605e0c2af8070fe59671771a88a929731bd92c4a5b92c94e6cdf0be0c71700d3083d2a493509629d6a03331d0b69cf7d72d0a5de04860972d90192417a9ad60154d7ba585e6b8ec013e329069990070ae31c74e62ce525b2e4196ab6dd4a8a5200485a9575985df8a872abe184424da5ef3ac1487c9c3dec417a82d88f9b0136ceea17a842ae2aefde22b9e028acb4d2224054c014905c2921bc001c126828c46999c628b1c68d096dea35b5a659504a4898e330080a3a6e03d6146d2d9495e1e17ddac767caf1902818300701450a9cc0f58b57392c05daa4ddd5f378d04e0d38b29afa33253b64cd49374381a11e86069885a47892a1c416f38d95b24a6650bded450d1e9c201997a526ab2a0d8901c16f22299c7a18f8c93083c9d8f299214565650145b00f961eb024cd865fc2b177f98107e460a9db496284076241f9fd1858bda052400f93d5bca9483079b9d81f30995b0bf14c15f85854f5fa68e1d929966f19a58167b9cb52dc5a91e54d08405027c458060a2edad0b40ebda2496c2b4000677a63502197892ea6bec1a767c951210dcd4a7f201fa45bb3f63dc25448218b784de0e1b58024ed04b9050d5674f363587722616072e38ef262391e48aab326ceceb312e01d28598368c1f284abd9330e8a19d5b833c13b4b69dc2d57d716f3f78a7edb32726e8648c20e35922ac1760b2f64af1500dfd49c22d36045e0002c05752ad06eac7a46ce00bafc588672cfc71ce2e4ece4a8661b427e8d0455cfd7e5fdcd642e776f7463ae3c223dfb61d6232884aaef8d8871e2deda475729cb3bbea07b708d5dc938ae6c97da8ea23d15fd806bebf38f46a802a3dcffd9', false, false, 3, 3);
INSERT INTO public.posts (post_id, author_id, creation_datetime, description, content, are_hidden_likes, are_disabled_comments, likes_count, comments_count) VALUES ('239def71-461f-4b46-a369-e4281e41a819', '95575eaa-0d48-43f4-abea-d5557e424048', '2024-09-01 20:59:27.31187+00', 'Ciekawe miejsce', '\xffd8ffe000104a46494600010100000100010000ffdb008400090607131312151313131616151718181a191818191e1f201a191d181a18181d1e1f1a1f28201a1b261e1d1922312125292b2e2e2e1a1f3338332c37282d2e2b010a0a0a0e0d0e1b10101b2d2620262d2d2f352d2d2d2d2d2d352d2f2d2d2d2d2d2f352d2f2d2d2d2d2d2d2d2d2d2d2d2d2d2d2d2d2d2d2d2d2d2d2d2d2d2d2d2dffc000110800b2011c03012200021101031101ffc4001b00000105010100000000000000000000000401020305060007ffc4004110000102040305060405020406030100000102110003213104124105225161710613328191a1b1c1d1f014234252e172f11533628207244392a2b25363d216ffc4001a010003010101010000000000000000000002030401000506ffc4003311000201040102030507040300000000000001020311213112044113225132618191a10514155271c1f033b1d1f12372e1ffda000c03010002110311003f00a59f35c92934762a0e28fc431e7e501630ad2a058a92a355dd8114a0b9f4a0f476265cc410952414ef396a25be7abf5f2af9b899866225a124a0a9002b328149cce5d8b28371e712417a156d9362f06b49285129003b3d54087f102cdcb918925ec7988028903473c7941f3e43aea1482a53237bc561e9cb843e66244d2a92b4a92010097a3b92c935a6bf74de4c778496f656ce41410e29a9a33835704505f9c5861711208487dc77146ea4d3e511ccc3a40cc82e3500835e50e9a926a957e5e8948b829e06d5aba5abed97b8c5170bd8add9a8529485a404a731162f948a86b50bd62e31c1a5a5eecb5368e54438f410119a51294d7f1006dd29cc5f9c1d2768a97beb9690252598970a772010473306d88f0eeadeecff003e050ed2d9531644c945672a400c4a46e872cd70ef5e5e71698133ccaef14d3123772a080b01b3135a1f8d1f941f2369b86290909246ef0340008a84ecb505660152d69ddf17880be8cc6add7ac75dbc30bc38acc3370f1b51453980a289041166a11c34688a6ecc9485a949466cc9dd4bb096142a40e27e4639330254bef0e5a82c124062e740cf7b9ac49839a9395aa0960c097635e8686095b62e4e49f1dfebd8930e86ccaa537a9e546f66887b42acb2e54c7cca0a628ff49704f2d224913929742882d7a83ad6c61bb46589afdd925d838fd351a7dda3b97991d183f0dfab1d2a59a00379458d6cd53e9052b0050f9d44232ef94339d402f687eccc328a42cb0087624d54fa56e69a7280f6bcd2b5647212012af97ccfa40726d8f9421462e45aec5da49ee56a0996080c80a72e4b26b5aa9b7ab4de4deb1e8f27b3d266ca0a2912d6454a09605eccedc8c78e60708b32905a85608e8143e823d7ce2c8c166d7bbcde753162a71e36b1e578b272729307ff00f939a849cb34289350a0430e4ce7c9b58c0ed6464c5b2d4cb4a0a72d68a7201ad188a86a47ae6c9c777d242c1b8047a3c53f6b30499d2dcb0527314922a0849240ea01e4e0421f4f14eeb6514ebb4d5f4799e2f0bdf125000394925e8547350b1b5dfa5601c46cc9a0660c1b4bbd75fdc0fac5ca242dd49521202942a4d4a9c3797808e85e9102f03916a55172d9c93e24aaccde1666b01ad2151a96c5cb5538cd951f98ca0a0815d0106a0e84b330a4452a6225a885a9acc347766615e7ca2f10b2588205cef3380c5cded6d228f6aa65abc15e3f56bb9e1069dcca8b83c05929066282f7523a306a5ec2d5892605277c0049092c6eda8078873d6919ec0e325a1f3b97ca346206ea6bc008d4e270f9490eed4d2c29a46b767662a9f9a0e71d8361f1885d955ea7a1f888e9f302582920bb3117adcd9f488f169484f794058662d4bd5fdbdf9c3fb90a675652cc38d0f5f947390c841c7317712648a19892acb474aabebc044a89ec80a2065e1602951f2f58abff000a3fbf3310007a1d4881b1d812ccb58607c20d8b39a69d4b40c659b5c3ab0938df8fd4b754e25418900dad6d58ea1a20c42515455d75583e1049a337435a7468cb8529d9254455856c6edd62c767c9cc95b92029d89e014d57b0afc63671b2bb248d5e788a25c617de2c01341eb50c5cbb5df58efc6a48764034cd95344f00380d20fc393981597ca2a18ef12084e85c001d833006049b84414a5a581aacfee755280ee8d1baf533be3dce6a5d886461332544a88346490d471ccb445ba5a80f3605fd418b19aa043e66480c0268007650a58dab7f688148e491d487f730c5802cbb9aac4af3214090011506f46a86bfa180460f284cc04148059b4d2b5e0f5e30b864ba4124248a1767346a7deb0ec2259450a09ca412922b99ecef66e02b10466e92c165340289654bcd91b2972c2adab1a904873ccd38c48bc3e7cca98956f9cc421dc350048b539fbc5d610671bcc92d56676b70fb78926292050b145a9c34d473f2e51d2eba2b0964a234ee8cecbc0a0ac046e920d141dc73e748213b29214c4a8177ad6b71cc8bfb4586226778b4d0020173ad6af6ad79fc622c5a9c052896176e14a73fe6063d4cb4c3f0d6c54e19342a0e5229a3d6afc69af5893fc34cd0a12d866ca6bc883c383fac4b85b12547cdfabf57f9c2e1277e965b972185c01a9668ca9d4be2dc76844d3841fbcabdadb37b8400164927db9373e35a8d0441899538896a96a0f44ef03437249fda53ab45f63f1294654a539b331e74e275f3e10c52d5de0727229258ba7858b0a7dde32975b5382e4b39c9b4a8797ccf76d762a25e3674a04cc42b291956c1d258353307cb7ade2b264dce4a8e744a7dd4a12f70dfa78fcf9c68ff001cc6bd34a8d7ca1767a6638ce5a584b27745dc8239b51aa0d7d6b8f50926e48d952bd926676414a4ef4908672f9ebff9b38e97f68bcd958e054c8aa40f110685f7407e3c3908afdbe85214b9a37e5a8e5eec176cc19418fe927404c4982399095273273e64b2a80919410c2c2cdc1b9451c94a1c9122a8e13b074d9ce2694907ba51247fe447a1f78a3c5e310ab29d228a50fd56269d5e9ce2ff001caef12a1ba02d2b496200ca01abd06661af38cd49eea5a84b5a45db286a6e867e3567e9054b3bd81d6d47e58fb8d3cac5a4225d40f010391281f3f78dd4d57fca37fa1bd951e498d6dd20eeb25bfee07efa47aaca983f0e97b327e717c5dcf3afb0fec3affe5c27f6d21dda4c40420bd9c1d5ddc59bcf51159d99c6a64cb582096259bab41bda3cd311b95481994da067fb63a426b4aca56d8fa71bd93d190388ef10145b3255a3d53abe94a379c371382ce95252a652d26fa06a3b9a976e1610b2d493400559c81c6af5d35f380b178c090a979939e9721347bf1e9d23c5526dde3b3d4564ddc5d95839986dd98b1382a8159038707324805b8d5e131b885992a952e54a42d65920861719ba503b83709f38933148052b5024b10c5ef466258d75b5626c24c00adc870439f971e039beb1b1949cb93cebf43b12c182c2ec798545c2924107c04a6ef7762fa6845634b2b6aa0a885516a5a993af1d05055abc22f15350924a53994a72a73d00a58500a8e0358154890b5852e5944d45525e84731a9bc7a0e6e5b3614214d593cfd0ab992410b4a8383a171afb69056110c438ab51b8541f3bc2ac3b3d49725ae5c961f0800ed04a82d012b42c02c543d48e0c58b463c9916a192c6761590e82dc3300cfc1de849d5e2986194b7490122a0a4dc17b8e0dceb114a332785a322a6145482482c0d40a1a1a11634bc5eecd4aa6a12a2909254429ea43021ceae0b8ae902ef143e0e355a76c153b370795673241ca1acfc0822ce3ef482e6a505c0482486d6d72dc18bc4f8a094b90a642400583ea5cb53d3e915b326250094a9dc52bc6b41c486a7c202577927a9049b57c0f2c321049cb70a24b8b061d7adc44b326a4f828000e03b82c776bc031e1eb02e371246532c162ceecec0503ebfa8d2cfe710e0f14bf0e64dc16706a050d28edc3818e846f92695d2b0fda1209197c253c6838f9937d62198840dd25c80c5d2a3cf5238bf9c3a6cc2e02839ad49d1dc9ebd0f944b21c0b0ff7007dc9834ac8ce3761d3a4b9b3f37a7dbc4c56a032b80459ab4f2ac43324b80a4a4b3917d6f40fcfde1f2801e217d1edf43124935ed16c25176b32554eb5eec6b68982c841737767d43d03181711312dba18e9a9e608d7f88202c3d46660ee4f4a81c5be1134e1ee296fca24e9840cc0ba88151a8e90fc3804642d52de838d83b5cc466687212e4bf2f4e0de70355d852859d8d47f0c5e3946e85ce762cd20951de032b06d696a746ac48263172aa826adaf9be90087ceef98e9a03e65c5cd9c44ebc41e00172ecc18f4d05fad616e9f633c4c647e250a5949514b24d2859b57f2710f4e3402fa53281ab9a50d387ac0ddf6a49f4d3ac366ce292cceed94ebc2a6948d50bab0b8d5928b65a2e7cb528909008253549198bb1ad28d57867e2339ca0906ac5f50c1d8302e21b88c3cb592952f22f7430a39b877a1726c22b31a8992d4c89818820386de0ce15c031a7d60a9d28bc2dfbc5bea5ad9733a5a020a9198d145983937a0018176b70eb15492c8582c420a0bb3d14149140d7239e9ca0699b4153649cc32134394d0062029b8d19ef0d4c852f0d34243974d0704311ab718ba8529423e77dc92b558c9de28a9c5e209721d29529479582490386604c3f0b85cebdd6e2e4701a7086ad80c9aa1351a82a24b7b98336730049a04a0393cff0098f417a113cbc8fc3eca52d69979b7429cb68330fe63d3f1a902490068903d4c63f632b303328ca6438d353eb431ad9c5e41fe91ff00b18b145257405fb0eec584ae59cc017635f48af9bb4b24f5a495041570008f130235bc15d8b98049755b2977e199509daa204d973000c1a940fa823da9d624ea93c34ec53d3b5a68ce4c983bd2c6e5d80167f6f288768a4898a2820daad6e85ad7fed0fc4cb3df66032da9ad4851af088f6fcd69814cc0a4241635a5df4ab86e51e6f1c3ce4b6f957204e4cc14a00ac020906c2ec3e76788a72a604ba0d4b5c7c9df4f8f5862165aac1afab558b71a69054e59a11bdc0100575ab3861f66322adb1e92405336f4949198a82aae1896ab57ef48ec7e2113260c9328915ca59ec6fd0f4bf280368776959ce14a533008430b9a124379880e54d965446552486a848704dd9fe9eb15c52b5d033ad2f65dac5a6cf4a01295cd25bf49b55851443668b3c48497395d40317bb38f888a0c42e6292a4925882eb22e1efba1873731d2716028cd9b34d5218a5342d5019ae2b48e71be438d5515c6dfcf897aa01d2b00248a0d1f467d4bb7a476d0c5e404a8919d452082284a5ab57d2e38c67b6ace52926521747a6524067705b488e46216c94cc25653400b51ac491527998c54fbb0df5692714be3d8b196a0bcc97510aca09c8ab36b4376bf38090942ca402a4a0280399c35d8518bf5a579c1d82daa950502d2ccbfdcce52c6acec6ad4e70bf8399353994b48ca1d24877748f21ae9a9817bc9dc7924e39049887528b9a5d8e85ef5e5cee614cc12cd13566f326f12056e366013cb52cd5d78084c36189dea1adf96a6bd23bf516e8b72c014d979a8cc5eeed4b905b89f80874d9282c262828a43039cd05dadccfac596264ba54095368c3856ac1fd62a2660cbd4857321dfcde3a2fb89a90e3d8b44e27852c3ecc4f8898081ee3f9300ad6e0b54bebe9e708e45497a7df480704ddc6a7626a3d5afeda72787a02051293e6ccfc29ca1b2824a6c42856a69ca8d7f38e13181395f8114f4e343ef19389b7b85a312929167a024f117368e5ca482a59f10058924386003b8e462008512c2ce2ad54ea1a0a085ef70373c7d785fe1ac4f2825a6671b84cbcb439826c589d6bfc8b986a1295072b6a91bbccb6b503a1864b90730395b5736f4e312a080ca64ab2f463adba424394ad822c4a46a342ecf6bf5b3b5217ba4a98e6218b11cb4f463d61f3e6e64060ca73c03529ec2fcc3c44b9897cb552bfa836967838c5f6335b0942a5a54956f125d249a3b382f7cc906a2c59cbc198cc415c8709415e85deb6277598d01634a58b45562b08b6529399d24d5d941ee694cacfeb13ec69c728482c4024a8d83585ea3d6fca1de02694d6d11a938b717dc1d3b355566255573619922dd044b2700b97c9855b9d2c3da2f95318514dd00adb4f94465ae2cfc3fb45119ca7b5801d24bb991c5802695015663cce5fed10cc924a00362a72388028fd098b5db3864a56175723871f7e301293314007a70ea62a51269b49d8bac2ac4bc324b36698834d002d1ab9f35e4bf143ffe51892952a5cb078a7ff7263629ff00247f47ce2e83c13bee53767316afc3ad000512a52594d5752a95fef052d614819179d40124665160005b80a008abd5cdb840fd8943aa6a2de2ff00d8fd62fb1f809694858250bb1093715d5dc3f1e7e9257a6e4ef728a1349196da8549988041650a8d1ee096a0d624db3372e429008293fa8f024dbee9106d3c41480b24915724d4310920e9a0fba44f8e5a592a2d4adeead3e9e46209ab293e258bb640b11884a80241075a7b316fbd62260b74b1045036b67abd1abc85a079b884bb02736ade46fad23918c094a8b5c0a684170aafb79c0422eda29e71b6590cc989a805d36198e67a5482406fbb4458bda015bb96a18076de1f3688b118e7201486028d7ea7e9f18825d4b1aa9d99b85ba455e1609df5b28e1589656d235140da11505f9f51ed08712e9292ca041ab543fac317235dd71417f304fafa422524f8920f06343ed48e70b6805d5cded8e5ce0d2c252f539c7c19fee913cc92960ccb5685ec347a303f4b40830a951def27a374e11229652a1ba282e92f6373a17afd638753ab1ee74f481762ad135af9b42854f5000909092e94d59c1b121891c896e50921610ba01972a402f5bd59f4a8a43158a20beee67bf277007ac6586f35b6ff009fb8599998b9ba5bc4c90b3ab373e9611220af36624be819825f47e2da9ac0d28a26124b96761c6aa2624942b98904f17e3a741681b0ee78ba1b3269ae62e3f9f5f9758816b1c0f937ce1d9dc926d52e3581d6bfb11bc495b7dc9d547095d455bfb44d81066b8a3b6a7e1ce19290c5cb050b3d39445f8a4e6a0cac6acaad78d1da31a76c1bc92790eee400c4b9b5474828cdd1bf4867f767f2a34032b195203a83b2ba7ccdbd2249936ac841000d5ad43d68d134949eca14a29607cd9f97f565ab006fc836a07486a769e56014c6a2a01043b317e7af94344a4280cefc080eeece083c2feb036370c8770544920393cd8bd2f071846d662a5c9bc16b3b6822b94e6a8248d058fa984fc5252010378935341cba4552f0f94b24beb7108acc480ab38d791b7a40ba096804efbd9733f1bba331b5f802fa5601c4cd424a542a7e50c29043170385cd8e8fd35f842a706012cd4e3f748652a518e583527278487ff883bd12ce74157a10dc20bc1e2465503a9b753f11f280860c13a57ef4899186aeb68a924d11be49dcb74e301a867e7c7fb42a368b023eed4f84577705dec47287270ef4afa41a48095497613138d54c20116b42cb045c1113230ea4f8413e4691668c329606eb1f38747f42697bde44c34a7487d2bf1fac68e4c9dc039340b83c033522f24c824451a063929bb37b3bbb98b3c5fe2f1718ec08214549a5df5b7f106e1b0ac682099db3f3005c82381f95bda153b31f4d58f30dbf2d2e5290a0954b748506deab9ff70093ebc623c4cbcd8396a70f941a0f77d6345b6367284f9495e75012e7a81a7812b9409ad40485ea6a2b480f05819aa90b94587773264b01bf6ac948e5b853eb088c723ea4bca62572c3e6041261532ca9f31f2f78b9da1b394867491bc05b8c0f3367abf62bd239d277b227f1e2926c0e64a4916b0e3e5a44470b9aa90ce38c1bf84507dc53f430319336d914cffb4fd23b84900ea45e991c8921d9551c4968762268b50e80f2fac3952a61ba55ff0069fa446b94a21b2a9ba18ee2729032a58347039987e1880aca58a4eaf6ae9c21fdc9fda6fc3f881b10822a28cd78171be06f26c7e3a414074a4cc4907c3a1b8246a39e8f11a70f9831493d010d4e26a21ca9ab39015171615f955bda0b38d772a6614a50f4bebf580698d8d56967245f879ae72901d3ad83b5981360cdce14208f1ad2fc813d748966cc3796528fa7953cb9c350eaa509d4841a6bc6f02d06abcff9714484e51bee7a301eb58056c2807bc1b88963f4fa3340fdd00eeaaf5fa081487a7cb2c9a5e2812ca0efa7f10abc187243b1d01b7f111aca945e5b335d988ad5dcbb7ada255294011981e85eb0bbdb4129a92c91a70a5292431bebcaafc7f982f348294aa61658bd4b746229a5440a99843574a8fef1277e2f4e8c231dd8d8b49062e74b0771472ac38ca582542a1c6a1c03eb1db471485a5b7ca9d0a0c29cc1234b44387c54b17952cbb3d188e8d4ade171135225e5150330e641b1eb5102b0fb8d6aeb162ef0a996bef266520060029ea0243dcf12af680b0f29952f3b33cc275fdc41bd75f5e91d2313f97972fee653e849671fa6e2dce09929aa6a950059800d40ef5bfa35e079bb8bb456196720cb0fba5b4602deb582259926c927cbe90561e7c85848ce52b2580969dd0486abb121f86bc62da4ecacc80952c82a0e9988013d2e4bfb5ad1542137a911d4505b89464cb1fa143ca1f2820d81f4116f87ecccc4ad2a38952a5a5b305259c0e638d2bca244ecb2545690e82183070e542af989a07872854fcc21c697e52a4a502ff08413e4fd83f48bbc51932d0eb1bc7f686e5ac09f934a28e60ed98ff67348de15bf319c287e501fc4cafef0f18b4714fb41ead9696028166c14411776f092694761d62295b04d7bc32dee3283eefa03ad232d59773bc3a1f948138b4e853ea21e9c7ffac7a8859bb1265d12d3313fb8101e9a07f7262b36a2d7224e75c8c840512e40b160c492095682b057a896583e153bd92fee5c4bc79bf78c38b881317da296900ab1650925b371e40b33c79ae271f317554d50ad37998f9374b401fe1989584a8290e4d1d5429e79bca15e3cbd4ad74304af96fdccf49c76dfc395cb99f89ce3bb9e9777f1776e2828f9787c220d95da1929138ae78754cce28a27fca941ea0fea491e5187c46c9c4a53bc52bb7854295addbec40f3f073c1004a5b30ab800b3bd48f8462ad2da6827d1c12b352f9fbcde6d0ed76126048130ba66214a19141825409351ca259bdb0c08fd4af247d5a3cdd1b38babf24a4a8104a9542e41a916e2f04a7018253a0a4cb583fad6b634b83a883fbc4d66ff00411f8752946cd7cdbff06d876d70254c4ad2295290d5e849f6824f683046d393ff006abffcc60d3d9342e88293c37c3fbd61e8ec52c785c0d72a87d0c6fdee5ebf415f84d2be61f536ebdb98215efa59e953e803884d9fb4f0d3b314a92909d56c9777a8735148ceecceceaa48719029eeb6574001603a81044ac16f13325a66293564e571e4add039c67df26bb87f8374f6d35f12f062b0a4e513a493c3388ec70932d0a52b2960f941a9e406a63258c90b2b2532532fa5c0153a37a5220562a6384b299b50c4bd8df8c6fdf66d612259fd9dd3c2564e5f3ffc356d24be74a52007a904b73097af20f0d561b09ffd609e6c7dad1e758dc44c0b27bb5720d467bfb459f67f0e2729466a5403060daf97dd6095693da40be9637f249af89abc4e1b08839553508218979801e4ee5cf9c469c361671c889e9513a22607f635e105e0f07313252d875116a84e6a1b963581b17b0c4da192b41e284907cdae209ffd57c83506b0e72f9904fd812123319b3086a3adfe222b26e183eed468ea6a41189c02e5012984c482e14b2ca0e6ada103a402a9cc58cb51eb4f94224dfa16d28462bda7f115684d41001af36e0c00810867afcbfbc492e5a936209e27830d091f38ec3ae61fda471629e974c22c5aa0bb91671adfcfede2541ad40adabf7a79c2ca90b0492acea3fb9a9c1a829e503e216125ea7fdd62f5e91d6b82ef1c93f7873711cb8fd211334bb36a961f0b795624428b0196875029f57bc22d2ea05d208d5ec5e941f7ca3034dac8623129cd99d8b6bc686b58b8d9854548ce9772a61a2b7561dee35bc6789424a4cc5000d8a4e8f46662ec358b3c3ed348988ee65a864ef28a528072a0c7a37c63a3182cb17284a6ff00e3cecd26ccca92acd22a1d8ace6a38a55c7d88b3c26d6c44b4e44a9397f48ca9a7b522bb6363d6b961530a73b97c8ec380e7fcc12b5c7a34a30514d1f3fd557aea6e127958ee5b61f6fe203e75208d5d207c22bf19da1989cd302f230b0b65e201a702f4d206998861bcc059b89346f3e51e7db6f684c429534214942e82842549b001cb8d08f280ad51ac46237a65292bca4d9acc6f6c662cb7e208195de81eb71cefc7483365f6e960bcd0952101804a4025fc25cb926d6e30cecca25e230c92a94801b2365e1a7a104758ccf6910bc12d32e528290b2e1cd400778721a7d213c65c79722a8d45c9c1ab1ea7b276acb752e6280cc4e4052ca4a58788825fd2941132711854a8aff106b706bf27e3ea63ca7627689959569a9b3d0d747b37d62f311b5c0ffa241e2a66835d4452cbc9b0a35ea3f246ebe5fb9bdc5cfc3ad256ac4242003ab539d5e3c8bb4ea913e6bcac528e44b4b0b4a9a9e3240438258f0d227c5ec9c4634869ca4a057265000b07a1b5ee0def056ccec000c153892ef5208e8c13f3d63b93a8bca1492a78a9b3153f06a3bd9e5370130916d4366789f0b8a932e4944d5675a944eeba72a40a32cb121eacde71ea587ff87782355a14fc89682c7fc37d987c5289f323e11be037b0615f8bba3c9a7fe1404a899a83fb44dcce789cefecd17d85c6cc5a7fe581524015703a1725dfd7ac68b6f76670722623f0b83ef949aaf32d4a0934ca18aae2a6dc2084ad05caa5141eb53eb099534b6ca63d4cd657f3f631588da78b07fcb98543429b798fac09f9cb5663839eafe9493ee5263753d494a993f08265e3660b288e90e850a76b9154fb46aa95998fc06cac54d1dda367cf49be79b95207205494b69a98b9ecdf62b1b84ef16a9689826651ddf7837589de7f32183c5fa36accfde7ce115b5a67ef3e506a85342e5f68ce56b95186d99b4bbdcaa414a0eea4848a070ea23351b8935b30bc1caecfe225123bc9f39599c112e5d8dd9e612976b86e70f9b8b5aaa56a2dfeafe603c562a684ee2d418b83720bbb81ac0ba308ab86bad751d995f89da0ac2ce095aca892ca0e580736059cde2e55f865cbcca3e2233067b967a00406abbd9cc6793b6e6149947505d4509de76a1cc1de83514786c89a560052519d3954a494019d05dcab2b38a69fb456d0a8b5d86dc3e62f0a971965ad22895072f5235af0f489715849212140ca4a5c3a811a9f5e3580274a9455995874f899b34c6a977a1b1cc1acd588f1b859195c61ca426aa099aaabe9bcf6afd2189c92b262dc60ddec592f0f9894cb9c0901db38b5b5368117b31683541ea7ea20cd8583c025495e49effa542638a93a51edc22f3686c854ecbf87c5996001bb313762e5c820b9b5ad0e49b5b17c209fa18bc56150a2ea40278977f78015b3d3fa580e1f6237982ecae304c066aa4cc96054254a7274a2923e3026d0978742ca4a54922e97f09e1680941db361908e7cadfc8c54bc22cd880c59c814fa7430b8992a490eacc345786bad2acff6d136271000ccec054d1cf971f4f58ac9aa2a5b7764a2840048e4e697ad9c88815d9ee3b431dc2573800e4b13a862e7e3109c69525933d2823f64a0ede7af43117e154775080948352c06b7dd0ea2f4a3d488444861993724b3d874671056426551b7ac0e9735059d73662b42a501d0d283d63962495102425c8a92e6fbdd35f785324b3ad60275a33799f8444152c8050bcd4ca49e2934b6ad97d23419cdc5657f62644e29ca0a3501ee2bd614e256a353ed40e7974813bd6032b2bc2e08e00db8d1e2796b241559f2bb6973f068c68e8d6b699a2c162a64a480921d4a66a1a966d291a54256a032f8b5a5399749b758c4ecbc789673cc75b666524ea4121c1b0ca08f38d26c8da0ac5288944a728de05817277598d7f55bda369f89db42fa8742abbd95febf1f50b9b879c54cedc0b26fe4a27da296676726cf9a7bc09500de3590edc065606910edd4e3a5ad6a226776924022ae086d0f3f583bb372e7a25254a054e1403dd9e8083c784511a59c92728ad23b6b6d55618090864ad9f7549516366a3072f7e11433ca5c4c99309592fc5d9aff006228f6bce32712b0a2459c583b3b13a5da05907158959978696a981aa901f28d492689ea4c26549f2b2d14d3ea62a39592ff0068ed59652928939e60761949a0218b0bd4ebc227d9f8bda13bf4002a7f340966d4f169cc06e71a2ec6ecb9b264a52b972f3915200e55528789b8f5a98b8da5de1013356932b772e54b82e5ae5c8afc236347b58d97512bf24edf4ff605b2672e5b812d21395d45452a5ad7ad65ad8247cf4d6df058c50350c39b404954b1289198e573ba5890ec1800781d229f6463e6cf2a09bb8009d1ea49e821d4d4e9bd115751adb66e64ed2adf372105236c004660403a9d23cb3696d59e89a5054cced96d952039fea27f55e909b0e6e3e6ac04e7290a1bcae0fceaabfa08639cefa42e14e11eecd6edbd92b92a5cfef334b65292ce2a5cb288ff00557a405b036ffe28aff2d49c80665660535a0617d1fce2c71b2272b033f0eaf15420d8162149e9c231fd8efcb4a96a0524cc0848e2a7de1ce819f918cab4f921b4aa71767a352b912df8135eb0c565d0886cfda520a84b2732ca98043125aea01df280e490f4eb0e9fb2c9f0a9fa7dfd222e7521b289f4f4aa2bc3646678e510af17d2079f81524b10af20f02e522c609574fb933e99c768b04cf0f71e50e4ce24ee90fd62b4738ecc016b9e0237c6b18ba7be903ed44cd2484cb0a7705be37f378a7c74d2924e6628e756a53fd4df0f48d02b1603577b8313a71668c7768d7f9eb2125e9e65bc43d7d84627c8771715934583da9de24104b003356e5c125b904db944589da2a956531350925db87234a79c66f67ed054a2ea3414adb997f678b69bb6e54c04a929268c5811d1a3a499b656c0dc062d4f9192adecc91762c451b4ac68d7b4c0403dd2b386cd5cadceba4559c14d012a42c252a0e323243e8697f378e93df660e52aa578f2b5418ce6d6531eba44fdacb2ce4ed89f5254a48b0698a2ff0021d6336a9b98a899a92e4d94a0dcaf5eb16c94104b2b31e0492dc99b35a0942a581f99dd255a83f10fa40f36dddb1aa928e236466565599402a8284eb99ea121ad12a11bdbcea6662a3c05b4e7040c34b07714e0d86a6e5f8de1066491952fc49d35768e6fd0c719edff00926401fb88ae8050fa52fcfde279490598e63cf8dac28d0c12e8d417d2e4ea4f181f0d8acaa2c1c0a54815f381d95c1469d9483317b352b49429401e5c4738cc265776b5cb26a26208052430248f3d2bf28d5e166a05565be715bb5301326624292c125086a5139492386bf748da72b3b317d6538b4a4b7fb149df6f02ed909cc00f127896b54d8f1113cbc5aa63a65a4241a92ed5667635b7d88b293b02526e4a9ef5e6ff002107cad9f87a593cc024c35c93d23cd4daee0b23632b2d560249f08624d1bca9a6b177d8eecccf1314a90484e51bcb2c1c28106b5347b44f85c023f44c580cd4243f18364ecc29bce294f0cdf210ca571739451b0c0489855926a904b5d0ee3cc8107e2f66ca20904bde8a6723da3229dba8948c88cc7e715eaed34fcce948ff0077db4564eebc5076d2ff0087126712b5850724a98bfab980862e4e0b2e130c9c890732ceab3fea3ae90527b57893451965ee0413266058246165e73fa88fb78de2678d1ec6676876894a0b005d43c23fa1e83916f28d160b08b9f82c38292179335ab5399b8bc59ecb92b41754b93536096f5bc69e4e21f808cb710e32e5b30db3b644f9208285114ab68040384d9aa4624804fe66f1253625dd9a978f514aa17be1ca39cbdc1287bcf32da7b0a605cb025a9600de501a92926fe7ed126c4c3e2928595485a495921c5c51ad1e853f1881e2204069c7249dc989572063948eb2f533aa2bca338209b822335da04776edfa4322944a947230e2416af58f4cc5a814d4479b76d2714a661201032847f517049e8e0ffb60af740b566643029cf3d6451212523a3327e5e90b33b47301dd591e2cb5664a5d290385956e3d222d99296561090e4a494f32a2120fc3d22e55d92948427bc584d92922a54aa02c0dc7d6a4429c5b46c65e843b33b5f383256b5280d4d5c06fdcf5a80fd4c592fb658559df95305aa93d747f98bc67fb43b2a5c952c4b5e601d3d0d1edf748a0c261d6662426a492cfc697e029099d24f0d0d8d79c74cf45c0e27073d644a9fbd98a4257424de8cef0662f66900835666c87e348aaecd76665e18cb514f78b29528cda96538a243d2859cb468e614bb7781cbee9a7b1bc4ee118e8ae327257667f1a85a404a43002bc47a18a1c4e0ce868efa7f68da4e96782bc9da069f851aa47988ce5631d2e79465b0bb192a3bc8487b93ac458cece8402a97bdc40d3e2f1ac186243316e90e992f2a4e6530b824fdd2354cd749a59313b3f6bae4a04b9924a901d949510c0924860924c591db387b49580abe5516f20680f4bfc22fa6e110b154a1493fa85e01c4ec997c50392c0f8c6dafd8c8d69471729276d352c55433598547af4d2205ed3028417e4df48b5c46c8969154020ea863c1d9988f5802761152cb4b232df785606d11729d44f9360bb34a10b24495026c54bde67d4064a45b4279c5ba7119d837305fea1ceb19b18c58257a330049f9b663eb06c9c52a63650acd4a300d47f9eb78d9c6e514aba8478b2cb15344b398b872c4d582ae29a82387381f1388439059e8f95892f5a3d07ad380689ccc5943829cc3f7061ab507d986a761254067529448e1e17a8a5801ce0229771dd44e51caee0f9c6705016541cf1b25c81560408b2d9c54a0cbcc92c1c1a13ad5cbf18595b3c2721cd9ca5a9a0a35184582248bb003410c51b90d4aeece2bb8830c91a08950520785cc3c261ab1c21aa246e5618a59e9d21121f53eb0e4619462695218d618ac89db9498e9691ac3270e1124c035889460e1762aaf144d804b17a0eb1acc0cc491423ca3189544c9c5a9362dd2285a130a9c4f4093864f1307254948a479dc8db9313cfac3e6f68662b94638dca175304b46ea7e35201ac55af6ca0718ca4cda0a524d77be503f7eae31bc5201f54de8d06d4db695a487ac09d94c5210b2fe226e62a27ac2aa6f03ca9b94b88c6d68c8d4939723d1e5ed649394d0eb15fb5364e1b12923505cb12cfce32989c7a96a0134a562fb66ed04210016e83eebe71cadd8a954e5860986d8a8c2952d3bc54025dbc29152dd630fb4b68f7b8d4a89dd955034a0cc7cde3d2b1bb465e52a2aafed0d1895f679338ae6c874953b8351d4708e926d60d4d2c1260f1e81875296972543a951df57c523d608ec9601138ab13390944b05412199d2df0bb980c6c39a3bb94b49092a24916e578b1db2998b32f07871715d0048d49d03c63580d30fda5b6e42d0abcb972ec79710917cc6c3fd3a4761ca66a379356aa562ada1d6167761559104ce04cbdecad42ad1f5fee78c556095dcac4b5079854a33164b28bb5d4f44bd00b060225ad0c5caa94ddecc663765996ea97980e0147d9a2b95899e2a99aa1d4bfc63553d14709bc67f1bb9e2043d8ff00311b6d15357582a3118ac4aa86616e54f8408708f724f52f16c15c9e1a08766630c8cc927177cb25d8f351292412c4d8f9520c54e2a3bd6d1b5eb0121b5158e5e24a45bd9a39bee8e4f166762e44b4905d497354b338d5a04c46325a8bbfa0fa030d9cb993372894eb104a94a96328425406b9941f4b668e59355bb68ae563a5e42ed30e8ec34bd2cfc3f8887f3561d29b9b0d073ebe71adc36c6962850e4dcb0f89249f68bfc160649ca892d9989dea7561a9f3834efa0e51eecca6cad953894a964697176b5356af28b79b28eaba7dfac683fc2c804cc51e9c7d228311865153006b602e7ce0d516b2c9ead75a43e5253a4488945e04f0d2144e3c60b8134aaa2c1e1aa5a7a9803bdaea638cf3a5237800eb20d517e2070888ce02c20604c3d298350113acc933931cd0a94c39a1a913ca5711e11a1e130b960c5dc8c085f287b42111d7344cc21aa871111b40b09086069af13a930d2981b0d4c864ac82fac473a6972c60912f586264b9668d482e4069cea53073d235fd9fc2cd4024a5ba91f588f646cc0082ba72768d3e126a4580e820b4514a37cb205628996c53581f0604b06696048a9e091169890087ca0794657b53394c99697651af958475f051a2c646df24b00c14ec07888d54a3f28a9dbb21204c9a1028c1c91e2e44dd9eadac596ca932f0e875566a8392744fc84637b4fb61333f2d2051418d8802ac3aebc2d7b2a7ab0d8cb37669b073ccc4876b6bf7ef48a7dbb8451a03e96319091b566e709ce42756fdaf56e67e71b9c16d444e484b9cd7e346d79d3ce22a94f0574ab27833a9706a0b8870517d22df1f2087b5af15894d592cf7afcbe9084da0e70b8b325b0a900424b502284f471f38e9cfc3293ca204cbfd60a4bd00258bf41af5824db429d377c20896829040f196a652695766059563560d007e1439fcf4073ffc8ff078936c6cb594b152d0b04921890dd01ac53cbec74c9833227123a6beb06addd86a8bb653f9a37b87969ca92c1d869ca19b3d44cc5172e2dcaba708e8e81a7fd441cffa6cdb4f48290e1e2976ba8a509292cea00b51c31e11d1d1e9c8f25ed947da3ff347f488aee11d1d004b536ce87a63a3a090864898788e8e824031e88788e8e8d018e8e8e8e8d0448e31d1d1c10861863a3a302421862e3a3a302117610fc3960e297858e8d8ecd034cd5159de37e31bcecd0701eb1d1d05d8a687b45ded1f0c65a75563ac74746434573d955b55473cfae92c795291e768513527457c0c747426a7b48d04906aafe84fc551b2eca2467553f59f6086f89f530b1d0a7a0e1ed22ff6a781fafc22954814a0bc7474473d97cb4536d0141c9db954419b152153e5e60fbc6f5ffa6afa0f48e8e83ec329fb215356552e62944939c54d4fe81730f41a47474094a3ffd9', false, false, 2, 3);


INSERT INTO public.comments (comment_id, post_id, author_id, parent_comment_id, content, creation_datetime, likes_count, sub_comments_count) VALUES ('34dec55a-db9e-4e0d-b96c-e82b7ef2959d', 'e3e7256c-b9f3-474f-9ef7-8862ef088f03', 'a5a7e3c0-15ec-435f-9619-4db49cf3b87d', NULL, 'Jakie to góry?', '2024-09-01 21:08:37.830933+00', 0, 0);
INSERT INTO public.comments (comment_id, post_id, author_id, parent_comment_id, content, creation_datetime, likes_count, sub_comments_count) VALUES ('f8ef536c-bfcf-4efe-950f-081a9605e599', '32b056ea-536e-40d3-acad-d39b86906e9f', 'a863683a-c821-4085-b7d9-ff3a0ba0feb0', NULL, 'Ładny Zachód Słońca', '2024-09-01 21:11:25.176769+00', 0, 0);
INSERT INTO public.comments (comment_id, post_id, author_id, parent_comment_id, content, creation_datetime, likes_count, sub_comments_count) VALUES ('357d0323-4d59-4240-8009-dbbfbb50ff2e', '32b056ea-536e-40d3-acad-d39b86906e9f', '95575eaa-0d48-43f4-abea-d5557e424048', NULL, 'Zgadzam się, bardzo ładne', '2024-09-01 20:58:09.509079+00', 2, 1);
INSERT INTO public.comments (comment_id, post_id, author_id, parent_comment_id, content, creation_datetime, likes_count, sub_comments_count) VALUES ('3cf2b722-63f3-4a9b-a09e-119488481355', '8d91adc7-164e-4397-af00-a27e2c4d6041', '95575eaa-0d48-43f4-abea-d5557e424048', NULL, 'Gdzie jest taki wodospad?', '2024-09-01 20:58:46.141925+00', 2, 1);
INSERT INTO public.comments (comment_id, post_id, author_id, parent_comment_id, content, creation_datetime, likes_count, sub_comments_count) VALUES ('f009c72a-7864-4060-affc-612ca945764d', '8d91adc7-164e-4397-af00-a27e2c4d6041', 'a5a7e3c0-15ec-435f-9619-4db49cf3b87d', NULL, 'Ładna zieleń', '2024-09-01 21:08:49.276269+00', 0, 0);
INSERT INTO public.comments (comment_id, post_id, author_id, parent_comment_id, content, creation_datetime, likes_count, sub_comments_count) VALUES ('ea87e829-e67d-4946-b0d6-6c212b6a93bb', '239def71-461f-4b46-a369-e4281e41a819', 'a863683a-c821-4085-b7d9-ff3a0ba0feb0', NULL, 'Skąd taki kolor wody?', '2024-09-01 21:12:16.465926+00', 1, 1);
INSERT INTO public.comments (comment_id, post_id, author_id, parent_comment_id, content, creation_datetime, likes_count, sub_comments_count) VALUES ('ce431556-0085-4d23-bbdb-e9c00a090d37', '239def71-461f-4b46-a369-e4281e41a819', 'a5a7e3c0-15ec-435f-9619-4db49cf3b87d', NULL, 'Zgadzam się, ciekawe', '2024-09-01 21:09:24.853446+00', 2, 0);
INSERT INTO public.comments (comment_id, post_id, author_id, parent_comment_id, content, creation_datetime, likes_count, sub_comments_count) VALUES ('5a7ae29d-dfc8-48a0-9c91-b981e42cb6d0', 'e3e7256c-b9f3-474f-9ef7-8862ef088f03', '95575eaa-0d48-43f4-abea-d5557e424048', NULL, 'Ładny Zachód', '2024-09-01 20:59:03.490899+00', 3, 1);
INSERT INTO public.comments (comment_id, post_id, author_id, parent_comment_id, content, creation_datetime, likes_count, sub_comments_count) VALUES ('c907c283-337b-421e-898f-30247a279175', '8d91adc7-164e-4397-af00-a27e2c4d6041', 'a863683a-c821-4085-b7d9-ff3a0ba0feb0', '3cf2b722-63f3-4a9b-a09e-119488481355', 'W Islandii', '2024-09-01 21:14:07.746762+00', 1, 0);
INSERT INTO public.comments (comment_id, post_id, author_id, parent_comment_id, content, creation_datetime, likes_count, sub_comments_count) VALUES ('4ea0256d-540e-4d6d-a247-f373c43f15a2', '32b056ea-536e-40d3-acad-d39b86906e9f', 'a5a7e3c0-15ec-435f-9619-4db49cf3b87d', '357d0323-4d59-4240-8009-dbbfbb50ff2e', 'Ciekawostka, to jest zdjęcie z Gdynii', '2024-09-01 21:05:36.121486+00', 1, 0);
INSERT INTO public.comments (comment_id, post_id, author_id, parent_comment_id, content, creation_datetime, likes_count, sub_comments_count) VALUES ('b7d5323b-12ae-4f02-a332-4ab893bf0983', 'e3e7256c-b9f3-474f-9ef7-8862ef088f03', 'a5a7e3c0-15ec-435f-9619-4db49cf3b87d', '5a7ae29d-dfc8-48a0-9c91-b981e42cb6d0', 'Również tak uważam', '2024-09-01 21:10:10.283679+00', 1, 0);
INSERT INTO public.comments (comment_id, post_id, author_id, parent_comment_id, content, creation_datetime, likes_count, sub_comments_count) VALUES ('e19f81ba-2130-40f0-b97f-15cf6c9aff85', '239def71-461f-4b46-a369-e4281e41a819', '95575eaa-0d48-43f4-abea-d5557e424048', 'ea87e829-e67d-4946-b0d6-6c212b6a93bb', 'Nie udało mi się znaleźć niestety', '2024-09-01 21:16:34.572676+00', 0, 0);


INSERT INTO public.comments_likes (comment_id, author_id) VALUES ('357d0323-4d59-4240-8009-dbbfbb50ff2e', 'a5a7e3c0-15ec-435f-9619-4db49cf3b87d');
INSERT INTO public.comments_likes (comment_id, author_id) VALUES ('3cf2b722-63f3-4a9b-a09e-119488481355', 'a5a7e3c0-15ec-435f-9619-4db49cf3b87d');
INSERT INTO public.comments_likes (comment_id, author_id) VALUES ('5a7ae29d-dfc8-48a0-9c91-b981e42cb6d0', 'a5a7e3c0-15ec-435f-9619-4db49cf3b87d');
INSERT INTO public.comments_likes (comment_id, author_id) VALUES ('357d0323-4d59-4240-8009-dbbfbb50ff2e', 'a863683a-c821-4085-b7d9-ff3a0ba0feb0');
INSERT INTO public.comments_likes (comment_id, author_id) VALUES ('4ea0256d-540e-4d6d-a247-f373c43f15a2', 'a863683a-c821-4085-b7d9-ff3a0ba0feb0');
INSERT INTO public.comments_likes (comment_id, author_id) VALUES ('ce431556-0085-4d23-bbdb-e9c00a090d37', 'a863683a-c821-4085-b7d9-ff3a0ba0feb0');
INSERT INTO public.comments_likes (comment_id, author_id) VALUES ('5a7ae29d-dfc8-48a0-9c91-b981e42cb6d0', 'a863683a-c821-4085-b7d9-ff3a0ba0feb0');
INSERT INTO public.comments_likes (comment_id, author_id) VALUES ('b7d5323b-12ae-4f02-a332-4ab893bf0983', 'a863683a-c821-4085-b7d9-ff3a0ba0feb0');
INSERT INTO public.comments_likes (comment_id, author_id) VALUES ('3cf2b722-63f3-4a9b-a09e-119488481355', 'a863683a-c821-4085-b7d9-ff3a0ba0feb0');
INSERT INTO public.comments_likes (comment_id, author_id) VALUES ('ea87e829-e67d-4946-b0d6-6c212b6a93bb', '95575eaa-0d48-43f4-abea-d5557e424048');
INSERT INTO public.comments_likes (comment_id, author_id) VALUES ('ce431556-0085-4d23-bbdb-e9c00a090d37', '95575eaa-0d48-43f4-abea-d5557e424048');
INSERT INTO public.comments_likes (comment_id, author_id) VALUES ('5a7ae29d-dfc8-48a0-9c91-b981e42cb6d0', '95575eaa-0d48-43f4-abea-d5557e424048');
INSERT INTO public.comments_likes (comment_id, author_id) VALUES ('c907c283-337b-421e-898f-30247a279175', '95575eaa-0d48-43f4-abea-d5557e424048');


INSERT INTO public.followers (followed_id, follower_id) VALUES ('a5a7e3c0-15ec-435f-9619-4db49cf3b87d', '95575eaa-0d48-43f4-abea-d5557e424048');
INSERT INTO public.followers (followed_id, follower_id) VALUES ('a863683a-c821-4085-b7d9-ff3a0ba0feb0', '95575eaa-0d48-43f4-abea-d5557e424048');
INSERT INTO public.followers (followed_id, follower_id) VALUES ('95575eaa-0d48-43f4-abea-d5557e424048', 'a5a7e3c0-15ec-435f-9619-4db49cf3b87d');


INSERT INTO public.posts_likes (author_id, post_id) VALUES ('a5a7e3c0-15ec-435f-9619-4db49cf3b87d', '32b056ea-536e-40d3-acad-d39b86906e9f');
INSERT INTO public.posts_likes (author_id, post_id) VALUES ('a863683a-c821-4085-b7d9-ff3a0ba0feb0', '8d91adc7-164e-4397-af00-a27e2c4d6041');
INSERT INTO public.posts_likes (author_id, post_id) VALUES ('95575eaa-0d48-43f4-abea-d5557e424048', '32b056ea-536e-40d3-acad-d39b86906e9f');
INSERT INTO public.posts_likes (author_id, post_id) VALUES ('95575eaa-0d48-43f4-abea-d5557e424048', '8d91adc7-164e-4397-af00-a27e2c4d6041');
INSERT INTO public.posts_likes (author_id, post_id) VALUES ('95575eaa-0d48-43f4-abea-d5557e424048', 'e3e7256c-b9f3-474f-9ef7-8862ef088f03');
INSERT INTO public.posts_likes (author_id, post_id) VALUES ('95575eaa-0d48-43f4-abea-d5557e424048', '239def71-461f-4b46-a369-e4281e41a819');
INSERT INTO public.posts_likes (author_id, post_id) VALUES ('a5a7e3c0-15ec-435f-9619-4db49cf3b87d', 'e3e7256c-b9f3-474f-9ef7-8862ef088f03');
INSERT INTO public.posts_likes (author_id, post_id) VALUES ('a5a7e3c0-15ec-435f-9619-4db49cf3b87d', '8d91adc7-164e-4397-af00-a27e2c4d6041');
INSERT INTO public.posts_likes (author_id, post_id) VALUES ('a5a7e3c0-15ec-435f-9619-4db49cf3b87d', '239def71-461f-4b46-a369-e4281e41a819');
INSERT INTO public.posts_likes (author_id, post_id) VALUES ('a863683a-c821-4085-b7d9-ff3a0ba0feb0', '32b056ea-536e-40d3-acad-d39b86906e9f');
INSERT INTO public.posts_likes (author_id, post_id) VALUES ('a863683a-c821-4085-b7d9-ff3a0ba0feb0', 'e3e7256c-b9f3-474f-9ef7-8862ef088f03');
